gpu,bench,batch_size,fail,n,ngpu,perf,sem%,std%,peak_memory,score,weight
NVIDIA-A100-SXM4-40GB,bert-tf32-fp16,000000090,1,1,1,nan,nan%,nan%,nan,nan,3.00
NVIDIA-A100-SXM4-40GB,bert-tf32-fp16,000000090,1,1,1,nan,nan%,nan%,nan,nan,3.00
NVIDIA-A100-SXM4-40GB,diffusion-single,000000022,1,1,1,nan,nan%,nan%,2992,nan,1.00
NVIDIA-A100-SXM4-40GB,diffusion-single,000000022,1,1,1,nan,nan%,nan%,nan,nan,1.00
NVIDIA-A100-SXM4-40GB,diffusion-single,000000022,1,1,1,nan,nan%,nan%,nan,nan,1.00
NVIDIA-A100-SXM4-40GB,diffusion-single,000000024,1,1,1,nan,nan%,nan%,1746,nan,1.00
NVIDIA-A100-SXM4-40GB,diffusion-single,000000024,1,1,1,nan,nan%,nan%,nan,nan,1.00
NVIDIA-A100-SXM4-40GB,diffusion-single,000000024,1,1,1,nan,nan%,nan%,nan,nan,1.00
NVIDIA-A100-SXM4-40GB,diffusion-single,000000032,1,1,1,nan,nan%,nan%,4482,nan,1.00
NVIDIA-A100-SXM4-40GB,diffusion-single,000000032,1,1,1,nan,nan%,nan%,nan,nan,1.00
NVIDIA-A100-SXM4-40GB,diffusion-single,000000032,1,1,1,nan,nan%,nan%,nan,nan,1.00
NVIDIA-A100-SXM4-40GB,diffusion-single,000000064,1,1,1,nan,nan%,nan%,nan,nan,1.00
NVIDIA-A100-SXM4-40GB,diffusion-single,000000064,1,1,1,nan,nan%,nan%,nan,nan,1.00
NVIDIA-A100-SXM4-40GB,diffusion-single,000000064,1,1,1,nan,nan%,nan%,nan,nan,1.00
NVIDIA-A100-SXM4-40GB,dimenet,000000144,1,1,1,nan,nan%,nan%,30000,nan,1.00
NVIDIA-A100-SXM4-40GB,dimenet,000000144,1,1,1,nan,nan%,nan%,nan,nan,1.00
NVIDIA-A100-SXM4-40GB,dimenet,000000168,1,1,1,nan,nan%,nan%,35108,nan,1.00
NVIDIA-A100-SXM4-40GB,dimenet,000000168,1,1,1,nan,nan%,nan%,29742,nan,1.00
NVIDIA-A100-SXM4-40GB,dimenet,000000168,1,1,1,nan,nan%,nan%,29263,nan,1.00
NVIDIA-A100-SXM4-40GB,dimenet,000000180,1,1,1,nan,nan%,nan%,31884,nan,1.00
NVIDIA-A100-SXM4-40GB,dimenet,000000180,1,1,1,nan,nan%,nan%,24354,nan,1.00
NVIDIA-A100-SXM4-40GB,dimenet,000000180,1,1,1,nan,nan%,nan%,nan,nan,1.00
NVIDIA-A100-SXM4-40GB,dimenet,000000186,1,1,1,nan,nan%,nan%,nan,nan,1.00
NVIDIA-A100-SXM4-40GB,dimenet,000000192,1,1,1,nan,nan%,nan%,33812,nan,1.00
NVIDIA-A100-SXM4-40GB,dimenet,000000192,1,1,1,nan,nan%,nan%,19038,nan,1.00
NVIDIA-A100-SXM4-40GB,dimenet,000000192,1,1,1,nan,nan%,nan%,33247,nan,1.00
NVIDIA-A100-SXM4-40GB,dimenet,000000048,1,1,1,nan,nan%,nan%,nan,nan,1.00
NVIDIA-A100-SXM4-40GB,dimenet,000000076,1,1,1,nan,nan%,nan%,5238,nan,1.00
NVIDIA-A100-SXM4-40GB,dimenet,000000080,1,1,1,nan,nan%,nan%,14678,nan,1.00
NVIDIA-A100-SXM4-40GB,dimenet,000000090,1,1,1,nan,nan%,nan%,13134,nan,1.00
NVIDIA-A100-SXM4-40GB,dimenet,000000090,1,1,1,nan,nan%,nan%,1144,nan,1.00
NVIDIA-A100-SXM4-40GB,dinov2-giant-single,000000016,1,1,1,nan,nan%,nan%,5358,nan,1.00
NVIDIA-A100-SXM4-40GB,dinov2-giant-single,000000016,1,1,1,nan,nan%,nan%,8232,nan,1.00
NVIDIA-A100-SXM4-40GB,dinov2-giant-single,000000016,1,1,1,nan,nan%,nan%,40844,nan,1.00
NVIDIA-A100-SXM4-40GB,dinov2-giant-single,000000032,1,1,1,nan,nan%,nan%,8156,nan,1.00
NVIDIA-A100-SXM4-40GB,dinov2-giant-single,000000032,1,1,1,nan,nan%,nan%,9286,nan,1.00
NVIDIA-A100-SXM4-40GB,dinov2-giant-single,000000032,1,1,1,nan,nan%,nan%,4043,nan,1.00
NVIDIA-A100-SXM4-40GB,dinov2-giant-single,000000064,1,1,1,nan,nan%,nan%,4696,nan,1.00
NVIDIA-A100-SXM4-40GB,dinov2-giant-single,000000064,1,1,1,nan,nan%,nan%,9014,nan,1.00
NVIDIA-A100-SXM4-40GB,dinov2-giant-single,000000064,1,1,1,nan,nan%,nan%,4115,nan,1.00
NVIDIA-A100-SXM4-40GB,lightning-gpus,000000440,1,1,4,nan,nan%,nan%,40936,nan,1.00
NVIDIA-A100-SXM4-40GB,lightning-gpus,000000440,1,1,4,nan,nan%,nan%,40936,nan,1.00
NVIDIA-A100-SXM4-40GB,lightning-gpus,000000440,1,1,4,nan,nan%,nan%,40901,nan,1.00
NVIDIA-A100-SXM4-40GB,lightning,000001024,1,1,1,nan,nan%,nan%,40456,nan,1.00
NVIDIA-A100-SXM4-40GB,lightning-gpus,000001024,1,1,1,nan,nan%,nan%,nan,nan,1.00
NVIDIA-A100-SXM4-40GB,lightning,000001024,1,1,1,nan,nan%,nan%,1096,nan,1.00
NVIDIA-A100-SXM4-40GB,lightning-gpus,000001024,1,1,1,nan,nan%,nan%,40460,nan,1.00
NVIDIA-A100-SXM4-40GB,lightning,000001024,1,1,1,nan,nan%,nan%,nan,nan,1.00
NVIDIA-A100-SXM4-40GB,lightning-gpus,000001024,1,1,1,nan,nan%,nan%,nan,nan,1.00
NVIDIA-A100-SXM4-40GB,lightning,000000440,1,1,1,nan,nan%,nan%,40048,nan,1.00
NVIDIA-A100-SXM4-40GB,lightning-gpus,000000440,1,1,1,nan,nan%,nan%,25214,nan,1.00
NVIDIA-A100-SXM4-40GB,lightning,000000440,1,1,1,nan,nan%,nan%,nan,nan,1.00
NVIDIA-A100-SXM4-40GB,lightning-gpus,000000440,1,1,1,nan,nan%,nan%,nan,nan,1.00
NVIDIA-A100-SXM4-40GB,lightning,000000448,1,1,1,nan,nan%,nan%,1096,nan,1.00
NVIDIA-A100-SXM4-40GB,lightning-gpus,000000448,1,1,1,nan,nan%,nan%,1576,nan,1.00
NVIDIA-A100-SXM4-40GB,lightning,000000448,1,1,1,nan,nan%,nan%,1360,nan,1.00
NVIDIA-A100-SXM4-40GB,lightning-gpus,000000448,1,1,1,nan,nan%,nan%,1096,nan,1.00
NVIDIA-A100-SXM4-40GB,lightning,000000448,1,1,1,nan,nan%,nan%,1633,nan,1.00
NVIDIA-A100-SXM4-40GB,lightning-gpus,000000448,1,1,1,nan,nan%,nan%,40941,nan,1.00
NVIDIA-A100-SXM4-40GB,lightning,000000512,1,1,1,nan,nan%,nan%,1848,nan,1.00
NVIDIA-A100-SXM4-40GB,lightning-gpus,000000512,1,1,1,nan,nan%,nan%,1354,nan,1.00
NVIDIA-A100-SXM4-40GB,lightning,000000512,1,1,1,nan,nan%,nan%,nan,nan,1.00
NVIDIA-A100-SXM4-40GB,lightning-gpus,000000512,1,1,1,nan,nan%,nan%,1374,nan,1.00
NVIDIA-A100-SXM4-40GB,lightning,000000512,1,1,1,nan,nan%,nan%,nan,nan,1.00
NVIDIA-A100-SXM4-40GB,lightning-gpus,000000512,1,1,1,nan,nan%,nan%,nan,nan,1.00
NVIDIA-A100-SXM4-40GB,llm-full-mp-gpus,000000001,1,1,4,nan,nan%,nan%,4324,nan,1.00
NVIDIA-A100-SXM4-40GB,llm-full-mp-gpus,000000001,1,1,4,nan,nan%,nan%,4296,nan,1.00
NVIDIA-A100-SXM4-40GB,llm-full-mp-gpus,000000001,1,1,4,nan,nan%,nan%,4294,nan,1.00
NVIDIA-A100-SXM4-40GB,llm-full-mp-gpus,000000016,1,1,4,nan,nan%,nan%,4240,nan,1.00
NVIDIA-A100-SXM4-40GB,llm-full-mp-gpus,000000016,1,1,4,nan,nan%,nan%,4314,nan,1.00
NVIDIA-A100-SXM4-40GB,llm-full-mp-gpus,000000016,1,1,4,nan,nan%,nan%,4061,nan,1.00
NVIDIA-A100-SXM4-40GB,llm-full-mp-gpus,000000002,1,1,4,nan,nan%,nan%,4316,nan,1.00
NVIDIA-A100-SXM4-40GB,llm-full-mp-gpus,000000002,1,1,4,nan,nan%,nan%,4316,nan,1.00
NVIDIA-A100-SXM4-40GB,llm-full-mp-gpus,000000002,1,1,4,nan,nan%,nan%,4242,nan,1.00
NVIDIA-A100-SXM4-40GB,llm-full-mp-gpus,000000032,1,1,4,nan,nan%,nan%,4268,nan,1.00
NVIDIA-A100-SXM4-40GB,llm-full-mp-gpus,000000032,1,1,4,nan,nan%,nan%,4264,nan,1.00
NVIDIA-A100-SXM4-40GB,llm-full-mp-gpus,000000032,1,1,4,nan,nan%,nan%,4061,nan,1.00
NVIDIA-A100-SXM4-40GB,llm-full-mp-gpus,000000004,1,1,4,nan,nan%,nan%,4294,nan,1.00
NVIDIA-A100-SXM4-40GB,llm-full-mp-gpus,000000004,1,1,4,nan,nan%,nan%,4304,nan,1.00
NVIDIA-A100-SXM4-40GB,llm-full-mp-gpus,000000004,1,1,4,nan,nan%,nan%,4037,nan,1.00
NVIDIA-A100-SXM4-40GB,llm-full-mp-gpus,000000008,1,1,4,nan,nan%,nan%,4318,nan,1.00
NVIDIA-A100-SXM4-40GB,llm-full-mp-gpus,000000008,1,1,4,nan,nan%,nan%,4286,nan,1.00
NVIDIA-A100-SXM4-40GB,llm-full-mp-gpus,000000008,1,1,4,nan,nan%,nan%,4079,nan,1.00
NVIDIA-A100-SXM4-40GB,recursiongfn,000000240,1,1,1,nan,nan%,nan%,9786,nan,1.00
NVIDIA-A100-SXM4-40GB,recursiongfn,000000240,1,1,1,nan,nan%,nan%,16324,nan,1.00
NVIDIA-A100-SXM4-40GB,recursiongfn,000000240,1,1,1,nan,nan%,nan%,15877,nan,1.00
NVIDIA-A100-SXM4-40GB,reformer,000000110,1,1,1,nan,nan%,nan%,1068,nan,1.00
NVIDIA-A100-SXM4-40GB,reformer,000000110,1,1,1,nan,nan%,nan%,nan,nan,1.00
NVIDIA-A100-SXM4-40GB,regnet_y_128gf,000000110,1,1,1,nan,nan%,nan%,nan,nan,2.00
NVIDIA-A100-SXM4-40GB,regnet_y_128gf,000000110,1,1,1,nan,nan%,nan%,nan,nan,2.00
NVIDIA-A100-SXM4-40GB,regnet_y_128gf,000000112,1,1,1,nan,nan%,nan%,nan,nan,2.00
NVIDIA-A100-SXM4-40GB,regnet_y_128gf,000000112,1,1,1,nan,nan%,nan%,nan,nan,2.00
NVIDIA-A100-SXM4-40GB,rlhf-gpus,000001024,1,1,4,nan,nan%,nan%,20054,nan,1.00
NVIDIA-A100-SXM4-40GB,rlhf-gpus,000001024,1,1,4,nan,nan%,nan%,19354,nan,1.00
NVIDIA-A100-SXM4-40GB,rlhf-gpus,000001024,1,1,4,nan,nan%,nan%,20529,nan,1.00
NVIDIA-A100-SXM4-40GB,rlhf-gpus,000000160,1,1,4,nan,nan%,nan%,37336,nan,1.00
NVIDIA-A100-SXM4-40GB,rlhf-gpus,000000160,1,1,4,nan,nan%,nan%,15806,nan,1.00
NVIDIA-A100-SXM4-40GB,rlhf-gpus,000000164,1,1,4,nan,nan%,nan%,nan,nan,1.00
NVIDIA-A100-SXM4-40GB,rlhf-gpus,000000168,1,1,4,nan,nan%,nan%,nan,nan,1.00
NVIDIA-A100-SXM4-40GB,rlhf-gpus,000000176,1,1,4,nan,nan%,nan%,nan,nan,1.00
NVIDIA-A100-SXM4-40GB,rlhf-gpus,000000192,1,1,4,nan,nan%,nan%,5820,nan,1.00
NVIDIA-A100-SXM4-40GB,rlhf-gpus,000000192,1,1,4,nan,nan%,nan%,9180,nan,1.00
NVIDIA-A100-SXM4-40GB,rlhf-gpus,000000192,1,1,4,nan,nan%,nan%,nan,nan,1.00
NVIDIA-A100-SXM4-40GB,rlhf-gpus,000000256,1,1,4,nan,nan%,nan%,nan,nan,1.00
NVIDIA-A100-SXM4-40GB,rlhf-gpus,000000256,1,1,4,nan,nan%,nan%,12976,nan,1.00
NVIDIA-A100-SXM4-40GB,rlhf-gpus,000000256,1,1,4,nan,nan%,nan%,nan,nan,1.00
NVIDIA-A100-SXM4-40GB,rlhf-gpus,000000512,1,1,4,nan,nan%,nan%,20756,nan,1.00
NVIDIA-A100-SXM4-40GB,rlhf-gpus,000000512,1,1,4,nan,nan%,nan%,10846,nan,1.00
NVIDIA-A100-SXM4-40GB,rlhf-gpus,000000512,1,1,4,nan,nan%,nan%,nan,nan,1.00
NVIDIA-A100-SXM4-40GB,rlhf-single,000000172,1,1,1,1122.24,17.1%,29.6%,40218,0.00,1.00
NVIDIA-A100-SXM4-40GB,rlhf-single,000000172,1,1,1,1329.11,16.2%,28.0%,13742,0.00,1.00
NVIDIA-A100-SXM4-40GB,t5,000000020,1,1,1,nan,nan%,nan%,1170,nan,2.00
NVIDIA-A100-SXM4-40GB,t5,000000020,1,1,1,nan,nan%,nan%,1282,nan,2.00
NVIDIA-A100-SXM4-40GB,t5,000000020,1,1,1,nan,nan%,nan%,nan,nan,2.00
NVIDIA-A100-SXM4-40GB,t5,000000024,1,1,1,nan,nan%,nan%,1142,nan,2.00
NVIDIA-A100-SXM4-40GB,t5,000000024,1,1,1,nan,nan%,nan%,nan,nan,2.00
NVIDIA-A100-SXM4-40GB,t5,000000032,1,1,1,nan,nan%,nan%,1140,nan,2.00
NVIDIA-A100-SXM4-40GB,t5,000000032,1,1,1,nan,nan%,nan%,nan,nan,2.00
NVIDIA-A100-SXM4-40GB,t5,000000064,1,1,1,nan,nan%,nan%,nan,nan,2.00
NVIDIA-A100-SXM4-40GB,t5,000000064,1,1,1,nan,nan%,nan%,nan,nan,2.00
NVIDIA-A100-SXM4-40GB,torchatari,000002432,1,1,1,nan,nan%,nan%,34742,nan,1.00
NVIDIA-A100-SXM4-40GB,torchatari,000002432,1,1,1,nan,nan%,nan%,34742,nan,1.00
NVIDIA-A100-SXM4-40GB,vjepa-single,000000018,1,1,1,nan,nan%,nan%,39712,nan,1.00
NVIDIA-A100-SXM4-40GB,vjepa-single,000000018,1,1,1,nan,nan%,nan%,38860,nan,1.00
NVIDIA-A100-SXM4-40GB,whisper,000000360,1,1,1,nan,nan%,nan%,nan,nan,1.00
NVIDIA-A100-SXM4-40GB,whisper,000000360,1,1,1,nan,nan%,nan%,nan,nan,1.00
NVIDIA-A100-SXM4-40GB,whisper,000000368,1,1,1,nan,nan%,nan%,nan,nan,1.00
NVIDIA-A100-SXM4-40GB,whisper,000000368,1,1,1,nan,nan%,nan%,nan,nan,1.00
NVIDIA-A100-SXM4-40GB,whisper,000000384,1,1,1,nan,nan%,nan%,nan,nan,1.00
NVIDIA-A100-SXM4-40GB,whisper,000000384,1,1,1,nan,nan%,nan%,nan,nan,1.00
NVIDIA-A100-SXM4-40GB,whisper,000000512,1,1,1,nan,nan%,nan%,nan,nan,1.00
NVIDIA-A100-SXM4-40GB,whisper,000000512,1,1,1,nan,nan%,nan%,nan,nan,1.00
NVIDIA-A100-SXM4-80GB,diffusion-single,000000056,1,1,1,nan,nan%,nan%,nan,nan,1.00
NVIDIA-A100-SXM4-80GB,diffusion-single,000000056,1,1,1,nan,nan%,nan%,nan,nan,1.00
NVIDIA-A100-SXM4-80GB,diffusion-single,000000056,1,1,1,nan,nan%,nan%,nan,nan,1.00
NVIDIA-A100-SXM4-80GB,diffusion-single,000000064,1,1,1,nan,nan%,nan%,nan,nan,1.00
NVIDIA-A100-SXM4-80GB,diffusion-single,000000064,1,1,1,nan,nan%,nan%,nan,nan,1.00
NVIDIA-A100-SXM4-80GB,diffusion-single,000000064,1,1,1,nan,nan%,nan%,nan,nan,1.00
NVIDIA-A100-SXM4-80GB,dimenet,000000100,1,1,1,nan,nan%,nan%,nan,nan,1.00
NVIDIA-A100-SXM4-80GB,dimenet,000000100,1,1,1,nan,nan%,nan%,17792,nan,1.00
NVIDIA-A100-SXM4-80GB,dimenet,000000100,1,1,1,nan,nan%,nan%,18090,nan,1.00
NVIDIA-A100-SXM4-80GB,dimenet,000000102,1,1,1,nan,nan%,nan%,13914,nan,1.00
NVIDIA-A100-SXM4-80GB,dimenet,000000102,1,1,1,nan,nan%,nan%,nan,nan,1.00
NVIDIA-A100-SXM4-80GB,dimenet,000000102,1,1,1,nan,nan%,nan%,nan,nan,1.00
NVIDIA-A100-SXM4-80GB,dimenet,000000114,1,1,1,nan,nan%,nan%,16578,nan,1.00
NVIDIA-A100-SXM4-80GB,dimenet,000000114,1,1,1,nan,nan%,nan%,11634,nan,1.00
NVIDIA-A100-SXM4-80GB,dimenet,000000118,1,1,1,nan,nan%,nan%,16326,nan,1.00
NVIDIA-A100-SXM4-80GB,dimenet,000000128,1,1,1,nan,nan%,nan%,nan,nan,1.00
NVIDIA-A100-SXM4-80GB,dimenet,000000134,1,1,1,nan,nan%,nan%,43036,nan,1.00
NVIDIA-A100-SXM4-80GB,dimenet,000000202,1,1,1,nan,nan%,nan%,19792,nan,1.00
NVIDIA-A100-SXM4-80GB,dimenet,000000202,1,1,1,nan,nan%,nan%,50084,nan,1.00
NVIDIA-A100-SXM4-80GB,dimenet,000000202,1,1,1,nan,nan%,nan%,51112,nan,1.00
NVIDIA-A100-SXM4-80GB,dimenet,000000236,1,1,1,nan,nan%,nan%,49736,nan,1.00
NVIDIA-A100-SXM4-80GB,dimenet,000000236,1,1,1,nan,nan%,nan%,13236,nan,1.00
NVIDIA-A100-SXM4-80GB,dimenet,000000236,1,1,1,nan,nan%,nan%,41082,nan,1.00
NVIDIA-A100-SXM4-80GB,dimenet,000000260,1,1,1,nan,nan%,nan%,nan,nan,1.00
NVIDIA-A100-SXM4-80GB,dimenet,000000260,1,1,1,nan,nan%,nan%,nan,nan,1.00
NVIDIA-A100-SXM4-80GB,dimenet,000000260,1,1,1,nan,nan%,nan%,25330,nan,1.00
NVIDIA-A100-SXM4-80GB,dimenet,000000268,1,1,1,nan,nan%,nan%,25942,nan,1.00
NVIDIA-A100-SXM4-80GB,dimenet,000000268,1,1,1,nan,nan%,nan%,35324,nan,1.00
NVIDIA-A100-SXM4-80GB,dimenet,000000064,1,1,1,nan,nan%,nan%,nan,nan,1.00
NVIDIA-A100-SXM4-80GB,dimenet,000000064,1,1,1,nan,nan%,nan%,11538,nan,1.00
NVIDIA-A100-SXM4-80GB,dimenet,000000078,1,1,1,nan,nan%,nan%,nan,nan,1.00
NVIDIA-A100-SXM4-80GB,dimenet,000000078,1,1,1,nan,nan%,nan%,nan,nan,1.00
NVIDIA-A100-SXM4-80GB,dimenet,000000078,1,1,1,nan,nan%,nan%,13970,nan,1.00
NVIDIA-A100-SXM4-80GB,dimenet,000000088,1,1,1,nan,nan%,nan%,1080,nan,1.00
NVIDIA-A100-SXM4-80GB,dimenet,000000088,1,1,1,nan,nan%,nan%,nan,nan,1.00
NVIDIA-A100-SXM4-80GB,dimenet,000000088,1,1,1,nan,nan%,nan%,12620,nan,1.00
NVIDIA-A100-SXM4-80GB,dimenet,000000090,1,1,1,nan,nan%,nan%,15498,nan,1.00
NVIDIA-A100-SXM4-80GB,dimenet,000000092,1,1,1,nan,nan%,nan%,20564,nan,1.00
NVIDIA-A100-SXM4-80GB,dinov2-giant-single,000000052,1,1,1,nan,nan%,nan%,59420,nan,1.00
NVIDIA-A100-SXM4-80GB,dinov2-giant-single,000000052,1,1,1,nan,nan%,nan%,2992,nan,1.00
NVIDIA-A100-SXM4-80GB,dinov2-giant-single,000000052,1,1,1,nan,nan%,nan%,67104,nan,1.00
NVIDIA-A100-SXM4-80GB,dinov2-giant-single,000000056,1,1,1,nan,nan%,nan%,70112,nan,1.00
NVIDIA-A100-SXM4-80GB,dinov2-giant-single,000000056,1,1,1,nan,nan%,nan%,8020,nan,1.00
NVIDIA-A100-SXM4-80GB,dinov2-giant-single,000000056,1,1,1,nan,nan%,nan%,3992,nan,1.00
NVIDIA-A100-SXM4-80GB,dinov2-giant-single,000000064,1,1,1,nan,nan%,nan%,3460,nan,1.00
NVIDIA-A100-SXM4-80GB,dinov2-giant-single,000000064,1,1,1,nan,nan%,nan%,7700,nan,1.00
NVIDIA-A100-SXM4-80GB,dinov2-giant-single,000000064,1,1,1,nan,nan%,nan%,4068,nan,1.00
NVIDIA-A100-SXM4-80GB,lightning-gpus,000000912,1,1,4,nan,nan%,nan%,81862,nan,1.00
NVIDIA-A100-SXM4-80GB,lightning-gpus,000000912,1,1,4,nan,nan%,nan%,81788,nan,1.00
NVIDIA-A100-SXM4-80GB,lightning-gpus,000000912,1,1,4,nan,nan%,nan%,81860,nan,1.00
NVIDIA-A100-SXM4-80GB,lightning,000001024,1,1,1,nan,nan%,nan%,nan,nan,1.00
NVIDIA-A100-SXM4-80GB,lightning-gpus,000001024,1,1,1,nan,nan%,nan%,1878,nan,1.00
NVIDIA-A100-SXM4-80GB,lightning,000001024,1,1,1,nan,nan%,nan%,nan,nan,1.00
NVIDIA-A100-SXM4-80GB,lightning-gpus,000001024,1,1,1,nan,nan%,nan%,nan,nan,1.00
NVIDIA-A100-SXM4-80GB,lightning,000001024,1,1,1,nan,nan%,nan%,nan,nan,1.00
NVIDIA-A100-SXM4-80GB,lightning-gpus,000001024,1,1,1,nan,nan%,nan%,nan,nan,1.00
NVIDIA-A100-SXM4-80GB,lightning,000000928,1,1,1,nan,nan%,nan%,nan,nan,1.00
NVIDIA-A100-SXM4-80GB,lightning-gpus,000000928,1,1,1,nan,nan%,nan%,nan,nan,1.00
NVIDIA-A100-SXM4-80GB,lightning,000000928,1,1,1,nan,nan%,nan%,nan,nan,1.00
NVIDIA-A100-SXM4-80GB,lightning-gpus,000000928,1,1,1,nan,nan%,nan%,nan,nan,1.00
NVIDIA-A100-SXM4-80GB,lightning,000000928,1,1,1,nan,nan%,nan%,nan,nan,1.00
NVIDIA-A100-SXM4-80GB,lightning-gpus,000000928,1,1,1,nan,nan%,nan%,nan,nan,1.00
NVIDIA-A100-SXM4-80GB,lightning,000000960,1,1,1,nan,nan%,nan%,nan,nan,1.00
NVIDIA-A100-SXM4-80GB,lightning-gpus,000000960,1,1,1,nan,nan%,nan%,1878,nan,1.00
NVIDIA-A100-SXM4-80GB,lightning,000000960,1,1,1,nan,nan%,nan%,nan,nan,1.00
NVIDIA-A100-SXM4-80GB,lightning-gpus,000000960,1,1,1,nan,nan%,nan%,nan,nan,1.00
NVIDIA-A100-SXM4-80GB,lightning,000000960,1,1,1,nan,nan%,nan%,nan,nan,1.00
NVIDIA-A100-SXM4-80GB,lightning-gpus,000000960,1,1,1,nan,nan%,nan%,nan,nan,1.00
NVIDIA-A100-SXM4-80GB,llm-full-mp-gpus,000000001,1,1,4,nan,nan%,nan%,4316,nan,1.00
NVIDIA-A100-SXM4-80GB,llm-full-mp-gpus,000000001,1,1,4,nan,nan%,nan%,4322,nan,1.00
NVIDIA-A100-SXM4-80GB,llm-full-mp-gpus,000000001,1,1,4,nan,nan%,nan%,4300,nan,1.00
NVIDIA-A100-SXM4-80GB,llm-full-mp-gpus,000000016,1,1,4,nan,nan%,nan%,4284,nan,1.00
NVIDIA-A100-SXM4-80GB,llm-full-mp-gpus,000000016,1,1,4,nan,nan%,nan%,4306,nan,1.00
NVIDIA-A100-SXM4-80GB,llm-full-mp-gpus,000000016,1,1,4,nan,nan%,nan%,4318,nan,1.00
NVIDIA-A100-SXM4-80GB,llm-full-mp-gpus,000000002,1,1,4,nan,nan%,nan%,4320,nan,1.00
NVIDIA-A100-SXM4-80GB,llm-full-mp-gpus,000000002,1,1,4,nan,nan%,nan%,4308,nan,1.00
NVIDIA-A100-SXM4-80GB,llm-full-mp-gpus,000000002,1,1,4,nan,nan%,nan%,4308,nan,1.00
NVIDIA-A100-SXM4-80GB,llm-full-mp-gpus,000000032,1,1,4,nan,nan%,nan%,4304,nan,1.00
NVIDIA-A100-SXM4-80GB,llm-full-mp-gpus,000000032,1,1,4,nan,nan%,nan%,4308,nan,1.00
NVIDIA-A100-SXM4-80GB,llm-full-mp-gpus,000000032,1,1,4,nan,nan%,nan%,4314,nan,1.00
NVIDIA-A100-SXM4-80GB,llm-full-mp-gpus,000000004,1,1,4,nan,nan%,nan%,4220,nan,1.00
NVIDIA-A100-SXM4-80GB,llm-full-mp-gpus,000000004,1,1,4,nan,nan%,nan%,4326,nan,1.00
NVIDIA-A100-SXM4-80GB,llm-full-mp-gpus,000000004,1,1,4,nan,nan%,nan%,4316,nan,1.00
NVIDIA-A100-SXM4-80GB,llm-full-mp-gpus,000000008,1,1,4,nan,nan%,nan%,4242,nan,1.00
NVIDIA-A100-SXM4-80GB,llm-full-mp-gpus,000000008,1,1,4,nan,nan%,nan%,4320,nan,1.00
NVIDIA-A100-SXM4-80GB,llm-full-mp-gpus,000000008,1,1,4,nan,nan%,nan%,4312,nan,1.00
NVIDIA-A100-SXM4-80GB,recursiongfn,000000222,1,1,1,nan,nan%,nan%,12848,nan,1.00
NVIDIA-A100-SXM4-80GB,recursiongfn,000000222,1,1,1,nan,nan%,nan%,11434,nan,1.00
NVIDIA-A100-SXM4-80GB,rlhf-gpus,000001024,1,1,4,nan,nan%,nan%,20738,nan,1.00
NVIDIA-A100-SXM4-80GB,rlhf-gpus,000001024,1,1,4,nan,nan%,nan%,18370,nan,1.00
NVIDIA-A100-SXM4-80GB,rlhf-gpus,000000368,1,1,4,nan,nan%,nan%,60936,nan,1.00
NVIDIA-A100-SXM4-80GB,rlhf-gpus,000000368,1,1,4,nan,nan%,nan%,81884,nan,1.00
NVIDIA-A100-SXM4-80GB,rlhf-gpus,000000384,1,1,4,nan,nan%,nan%,nan,nan,1.00
NVIDIA-A100-SXM4-80GB,rlhf-gpus,000000384,1,1,4,nan,nan%,nan%,nan,nan,1.00
NVIDIA-A100-SXM4-80GB,rlhf-gpus,000000512,1,1,4,nan,nan%,nan%,nan,nan,1.00
NVIDIA-A100-SXM4-80GB,rlhf-gpus,000000512,1,1,4,nan,nan%,nan%,21640,nan,1.00
NVIDIA-A100-SXM4-80GB,t5,000000042,1,1,1,nan,nan%,nan%,nan,nan,2.00
NVIDIA-A100-SXM4-80GB,t5,000000042,1,1,1,nan,nan%,nan%,nan,nan,2.00
NVIDIA-A100-SXM4-80GB,t5,000000044,1,1,1,nan,nan%,nan%,nan,nan,2.00
NVIDIA-A100-SXM4-80GB,t5,000000048,1,1,1,nan,nan%,nan%,nan,nan,2.00
NVIDIA-A100-SXM4-80GB,t5,000000064,1,1,1,nan,nan%,nan%,nan,nan,2.00
NVIDIA-A100-SXM4-80GB,vjepa-single,000000046,1,1,1,nan,nan%,nan%,78720,nan,1.00
NVIDIA-A100-SXM4-80GB,vjepa-single,000000048,1,1,1,25.22,2.5%,15.3%,80278,0.00,1.00
NVIDIA-A100-SXM4-80GB,whisper,000001024,1,1,1,nan,nan%,nan%,nan,nan,1.00
NVIDIA-A100-SXM4-80GB,whisper,000000720,1,1,1,nan,nan%,nan%,nan,nan,1.00
NVIDIA-A100-SXM4-80GB,whisper,000000736,1,1,1,nan,nan%,nan%,nan,nan,1.00
NVIDIA-A100-SXM4-80GB,whisper,000000768,1,1,1,nan,nan%,nan%,nan,nan,1.00
NVIDIA-H100-80GB-HBM3,diffusion-single,000000056,1,1,1,nan,nan%,nan%,nan,nan,1.00
NVIDIA-H100-80GB-HBM3,diffusion-single,000000056,1,1,1,nan,nan%,nan%,nan,nan,1.00
NVIDIA-H100-80GB-HBM3,diffusion-single,000000056,1,1,1,22.91,26.2%,37.0%,80881,0.00,1.00
NVIDIA-H100-80GB-HBM3,diffusion-single,000000064,1,1,1,nan,nan%,nan%,nan,nan,1.00
NVIDIA-H100-80GB-HBM3,diffusion-single,000000064,1,1,1,nan,nan%,nan%,nan,nan,1.00
NVIDIA-H100-80GB-HBM3,diffusion-single,000000064,1,1,1,nan,nan%,nan%,nan,nan,1.00
NVIDIA-H100-80GB-HBM3,dimenet,000000100,1,1,1,nan,nan%,nan%,17399,nan,1.00
NVIDIA-H100-80GB-HBM3,dimenet,000000100,1,1,1,nan,nan%,nan%,nan,nan,1.00
NVIDIA-H100-80GB-HBM3,dimenet,000000102,1,1,1,nan,nan%,nan%,nan,nan,1.00
NVIDIA-H100-80GB-HBM3,dimenet,000000102,1,1,1,nan,nan%,nan%,nan,nan,1.00
NVIDIA-H100-80GB-HBM3,dimenet,000000102,1,1,1,nan,nan%,nan%,nan,nan,1.00
NVIDIA-H100-80GB-HBM3,dimenet,000000132,1,1,1,nan,nan%,nan%,nan,nan,1.00
NVIDIA-H100-80GB-HBM3,dimenet,000000132,1,1,1,nan,nan%,nan%,13511,nan,1.00
NVIDIA-H100-80GB-HBM3,dimenet,000000132,1,1,1,nan,nan%,nan%,nan,nan,1.00
NVIDIA-H100-80GB-HBM3,dimenet,000000138,1,1,1,nan,nan%,nan%,19541,nan,1.00
NVIDIA-H100-80GB-HBM3,dimenet,000000138,1,1,1,nan,nan%,nan%,nan,nan,1.00
NVIDIA-H100-80GB-HBM3,dimenet,000000140,1,1,1,nan,nan%,nan%,30007,nan,1.00
NVIDIA-H100-80GB-HBM3,dimenet,000000142,1,1,1,nan,nan%,nan%,nan,nan,1.00
NVIDIA-H100-80GB-HBM3,dimenet,000000142,1,1,1,nan,nan%,nan%,nan,nan,1.00
NVIDIA-H100-80GB-HBM3,dimenet,000000142,1,1,1,nan,nan%,nan%,24669,nan,1.00
NVIDIA-H100-80GB-HBM3,dimenet,000000144,1,1,1,nan,nan%,nan%,nan,nan,1.00
NVIDIA-H100-80GB-HBM3,dimenet,000000150,1,1,1,nan,nan%,nan%,nan,nan,1.00
NVIDIA-H100-80GB-HBM3,dimenet,000000152,1,1,1,nan,nan%,nan%,21787,nan,1.00
NVIDIA-H100-80GB-HBM3,dimenet,000000158,1,1,1,nan,nan%,nan%,21971,nan,1.00
NVIDIA-H100-80GB-HBM3,dimenet,000000158,1,1,1,nan,nan%,nan%,21605,nan,1.00
NVIDIA-H100-80GB-HBM3,dimenet,000000160,1,1,1,nan,nan%,nan%,nan,nan,1.00
NVIDIA-H100-80GB-HBM3,dimenet,000000160,1,1,1,nan,nan%,nan%,22613,nan,1.00
NVIDIA-H100-80GB-HBM3,dimenet,000000160,1,1,1,nan,nan%,nan%,nan,nan,1.00
NVIDIA-H100-80GB-HBM3,dimenet,000000162,1,1,1,nan,nan%,nan%,nan,nan,1.00
NVIDIA-H100-80GB-HBM3,dimenet,000000162,1,1,1,nan,nan%,nan%,1323,nan,1.00
NVIDIA-H100-80GB-HBM3,dimenet,000000162,1,1,1,nan,nan%,nan%,nan,nan,1.00
NVIDIA-H100-80GB-HBM3,dimenet,000000168,1,1,1,nan,nan%,nan%,857,nan,1.00
NVIDIA-H100-80GB-HBM3,dimenet,000000168,1,1,1,nan,nan%,nan%,16967,nan,1.00
NVIDIA-H100-80GB-HBM3,dimenet,000000168,1,1,1,nan,nan%,nan%,nan,nan,1.00
NVIDIA-H100-80GB-HBM3,dimenet,000000172,1,1,1,nan,nan%,nan%,23485,nan,1.00
NVIDIA-H100-80GB-HBM3,dimenet,000000172,1,1,1,nan,nan%,nan%,37065,nan,1.00
NVIDIA-H100-80GB-HBM3,dimenet,000000172,1,1,1,nan,nan%,nan%,43405,nan,1.00
NVIDIA-H100-80GB-HBM3,dimenet,000000308,1,1,1,nan,nan%,nan%,16325,nan,1.00
NVIDIA-H100-80GB-HBM3,dimenet,000000308,1,1,1,nan,nan%,nan%,nan,nan,1.00
NVIDIA-H100-80GB-HBM3,dimenet,000000308,1,1,1,nan,nan%,nan%,nan,nan,1.00
NVIDIA-H100-80GB-HBM3,dimenet,000000330,1,1,1,nan,nan%,nan%,nan,nan,1.00
NVIDIA-H100-80GB-HBM3,dimenet,000000330,1,1,1,nan,nan%,nan%,54997,nan,1.00
NVIDIA-H100-80GB-HBM3,dimenet,000000330,1,1,1,nan,nan%,nan%,nan,nan,1.00
NVIDIA-H100-80GB-HBM3,dimenet,000000342,1,1,1,nan,nan%,nan%,44357,nan,1.00
NVIDIA-H100-80GB-HBM3,dimenet,000000342,1,1,1,nan,nan%,nan%,32439,nan,1.00
NVIDIA-H100-80GB-HBM3,dimenet,000000342,1,1,1,nan,nan%,nan%,nan,nan,1.00
NVIDIA-H100-80GB-HBM3,dimenet,000000352,1,1,1,nan,nan%,nan%,32739,nan,1.00
NVIDIA-H100-80GB-HBM3,dimenet,000000352,1,1,1,nan,nan%,nan%,nan,nan,1.00
NVIDIA-H100-80GB-HBM3,dimenet,000000352,1,1,1,nan,nan%,nan%,72573,nan,1.00
NVIDIA-H100-80GB-HBM3,dimenet,000000080,1,1,1,nan,nan%,nan%,nan,nan,1.00
NVIDIA-H100-80GB-HBM3,dimenet,000000080,1,1,1,nan,nan%,nan%,741,nan,1.00
NVIDIA-H100-80GB-HBM3,dimenet,000000092,1,1,1,nan,nan%,nan%,743,nan,1.00
NVIDIA-H100-80GB-HBM3,dimenet,000000094,1,1,1,nan,nan%,nan%,20955,nan,1.00
NVIDIA-H100-80GB-HBM3,dimenet,000000094,1,1,1,nan,nan%,nan%,17001,nan,1.00
NVIDIA-H100-80GB-HBM3,dinov2-giant-single,000000052,1,1,1,nan,nan%,nan%,8057,nan,1.00
NVIDIA-H100-80GB-HBM3,dinov2-giant-single,000000052,1,1,1,nan,nan%,nan%,9667,nan,1.00
NVIDIA-H100-80GB-HBM3,dinov2-giant-single,000000052,1,1,1,nan,nan%,nan%,nan,nan,1.00
NVIDIA-H100-80GB-HBM3,dinov2-giant-single,000000056,1,1,1,nan,nan%,nan%,6023,nan,1.00
NVIDIA-H100-80GB-HBM3,dinov2-giant-single,000000056,1,1,1,nan,nan%,nan%,9719,nan,1.00
NVIDIA-H100-80GB-HBM3,dinov2-giant-single,000000056,1,1,1,nan,nan%,nan%,9107,nan,1.00
NVIDIA-H100-80GB-HBM3,dinov2-giant-single,000000064,1,1,1,nan,nan%,nan%,nan,nan,1.00
NVIDIA-H100-80GB-HBM3,dinov2-giant-single,000000064,1,1,1,nan,nan%,nan%,9819,nan,1.00
NVIDIA-H100-80GB-HBM3,dinov2-giant-single,000000064,1,1,1,nan,nan%,nan%,9279,nan,1.00
NVIDIA-H100-80GB-HBM3,lightning-gpus,000000896,1,1,4,nan,nan%,nan%,81531,nan,1.00
NVIDIA-H100-80GB-HBM3,lightning-gpus,000000896,1,1,4,nan,nan%,nan%,81473,nan,1.00
NVIDIA-H100-80GB-HBM3,lightning-gpus,000000896,1,1,4,nan,nan%,nan%,81535,nan,1.00
NVIDIA-H100-80GB-HBM3,lightning,000001024,1,1,1,nan,nan%,nan%,1621,nan,1.00
NVIDIA-H100-80GB-HBM3,lightning-gpus,000001024,1,1,1,nan,nan%,nan%,nan,nan,1.00
NVIDIA-H100-80GB-HBM3,lightning,000001024,1,1,1,nan,nan%,nan%,nan,nan,1.00
NVIDIA-H100-80GB-HBM3,lightning-gpus,000001024,1,1,1,nan,nan%,nan%,nan,nan,1.00
NVIDIA-H100-80GB-HBM3,lightning,000001024,1,1,1,nan,nan%,nan%,81267,nan,1.00
NVIDIA-H100-80GB-HBM3,lightning-gpus,000001024,1,1,1,nan,nan%,nan%,nan,nan,1.00
NVIDIA-H100-80GB-HBM3,lightning,000000912,1,1,1,nan,nan%,nan%,80883,nan,1.00
NVIDIA-H100-80GB-HBM3,lightning-gpus,000000912,1,1,1,nan,nan%,nan%,33331,nan,1.00
NVIDIA-H100-80GB-HBM3,lightning,000000912,1,1,1,nan,nan%,nan%,81133,nan,1.00
NVIDIA-H100-80GB-HBM3,lightning-gpus,000000912,1,1,1,nan,nan%,nan%,nan,nan,1.00
NVIDIA-H100-80GB-HBM3,lightning,000000912,1,1,1,nan,nan%,nan%,nan,nan,1.00
NVIDIA-H100-80GB-HBM3,lightning-gpus,000000912,1,1,1,nan,nan%,nan%,38683,nan,1.00
NVIDIA-H100-80GB-HBM3,lightning,000000928,1,1,1,nan,nan%,nan%,1711,nan,1.00
NVIDIA-H100-80GB-HBM3,lightning-gpus,000000928,1,1,1,nan,nan%,nan%,nan,nan,1.00
NVIDIA-H100-80GB-HBM3,lightning,000000928,1,1,1,nan,nan%,nan%,nan,nan,1.00
NVIDIA-H100-80GB-HBM3,lightning-gpus,000000928,1,1,1,nan,nan%,nan%,nan,nan,1.00
NVIDIA-H100-80GB-HBM3,lightning,000000928,1,1,1,nan,nan%,nan%,81343,nan,1.00
NVIDIA-H100-80GB-HBM3,lightning-gpus,000000928,1,1,1,nan,nan%,nan%,nan,nan,1.00
NVIDIA-H100-80GB-HBM3,lightning,000000960,1,1,1,nan,nan%,nan%,nan,nan,1.00
NVIDIA-H100-80GB-HBM3,lightning-gpus,000000960,1,1,1,nan,nan%,nan%,nan,nan,1.00
NVIDIA-H100-80GB-HBM3,lightning,000000960,1,1,1,nan,nan%,nan%,nan,nan,1.00
NVIDIA-H100-80GB-HBM3,lightning-gpus,000000960,1,1,1,nan,nan%,nan%,nan,nan,1.00
NVIDIA-H100-80GB-HBM3,lightning,000000960,1,1,1,nan,nan%,nan%,nan,nan,1.00
NVIDIA-H100-80GB-HBM3,lightning-gpus,000000960,1,1,1,nan,nan%,nan%,nan,nan,1.00
NVIDIA-H100-80GB-HBM3,llm-full-mp-gpus,000000001,1,1,4,nan,nan%,nan%,5659,nan,1.00
NVIDIA-H100-80GB-HBM3,llm-full-mp-gpus,000000001,1,1,4,nan,nan%,nan%,5675,nan,1.00
NVIDIA-H100-80GB-HBM3,llm-full-mp-gpus,000000001,1,1,4,nan,nan%,nan%,5683,nan,1.00
NVIDIA-H100-80GB-HBM3,llm-full-mp-gpus,000000016,1,1,4,nan,nan%,nan%,5671,nan,1.00
NVIDIA-H100-80GB-HBM3,llm-full-mp-gpus,000000016,1,1,4,nan,nan%,nan%,5655,nan,1.00
NVIDIA-H100-80GB-HBM3,llm-full-mp-gpus,000000016,1,1,4,nan,nan%,nan%,5637,nan,1.00
NVIDIA-H100-80GB-HBM3,llm-full-mp-gpus,000000002,1,1,4,nan,nan%,nan%,5675,nan,1.00
NVIDIA-H100-80GB-HBM3,llm-full-mp-gpus,000000002,1,1,4,nan,nan%,nan%,5677,nan,1.00
NVIDIA-H100-80GB-HBM3,llm-full-mp-gpus,000000002,1,1,4,nan,nan%,nan%,5681,nan,1.00
NVIDIA-H100-80GB-HBM3,llm-full-mp-gpus,000000032,1,1,4,nan,nan%,nan%,5667,nan,1.00
NVIDIA-H100-80GB-HBM3,llm-full-mp-gpus,000000032,1,1,4,nan,nan%,nan%,5673,nan,1.00
NVIDIA-H100-80GB-HBM3,llm-full-mp-gpus,000000032,1,1,4,nan,nan%,nan%,5671,nan,1.00
NVIDIA-H100-80GB-HBM3,llm-full-mp-gpus,000000004,1,1,4,nan,nan%,nan%,5675,nan,1.00
NVIDIA-H100-80GB-HBM3,llm-full-mp-gpus,000000004,1,1,4,nan,nan%,nan%,5681,nan,1.00
NVIDIA-H100-80GB-HBM3,llm-full-mp-gpus,000000004,1,1,4,nan,nan%,nan%,5677,nan,1.00
NVIDIA-H100-80GB-HBM3,llm-full-mp-gpus,000000008,1,1,4,nan,nan%,nan%,5673,nan,1.00
NVIDIA-H100-80GB-HBM3,llm-full-mp-gpus,000000008,1,1,4,nan,nan%,nan%,5677,nan,1.00
NVIDIA-H100-80GB-HBM3,llm-full-mp-gpus,000000008,1,1,4,nan,nan%,nan%,5679,nan,1.00
NVIDIA-H100-80GB-HBM3,llm-lora-single,000000038,1,1,1,nan,nan%,nan%,nan,nan,1.00
NVIDIA-H100-80GB-HBM3,llm-lora-single,000000038,1,1,1,nan,nan%,nan%,nan,nan,1.00
NVIDIA-H100-80GB-HBM3,llm-lora-single,000000038,1,1,1,nan,nan%,nan%,nan,nan,1.00
NVIDIA-H100-80GB-HBM3,recursiongfn,000000234,1,1,1,nan,nan%,nan%,14477,nan,1.00
NVIDIA-H100-80GB-HBM3,recursiongfn,000000234,1,1,1,nan,nan%,nan%,7991,nan,1.00
NVIDIA-H100-80GB-HBM3,recursiongfn,000000234,1,1,1,nan,nan%,nan%,23291,nan,1.00
NVIDIA-H100-80GB-HBM3,recursiongfn,000000240,1,1,1,nan,nan%,nan%,13149,nan,1.00
NVIDIA-H100-80GB-HBM3,recursiongfn,000000240,1,1,1,nan,nan%,nan%,10505,nan,1.00
NVIDIA-H100-80GB-HBM3,recursiongfn,000000240,1,1,1,nan,nan%,nan%,10625,nan,1.00
NVIDIA-H100-80GB-HBM3,rlhf-gpus,000001024,1,1,4,nan,nan%,nan%,22247,nan,1.00
NVIDIA-H100-80GB-HBM3,rlhf-gpus,000001024,1,1,4,nan,nan%,nan%,21605,nan,1.00
NVIDIA-H100-80GB-HBM3,rlhf-gpus,000001024,1,1,4,nan,nan%,nan%,nan,nan,1.00
NVIDIA-H100-80GB-HBM3,rlhf-gpus,000000360,1,1,4,nan,nan%,nan%,nan,nan,1.00
NVIDIA-H100-80GB-HBM3,rlhf-gpus,000000360,1,1,4,nan,nan%,nan%,74271,nan,1.00
NVIDIA-H100-80GB-HBM3,rlhf-gpus,000000360,1,1,4,nan,nan%,nan%,81531,nan,1.00
NVIDIA-H100-80GB-HBM3,rlhf-gpus,000000368,1,1,4,nan,nan%,nan%,nan,nan,1.00
NVIDIA-H100-80GB-HBM3,rlhf-gpus,000000368,1,1,4,nan,nan%,nan%,79943,nan,1.00
NVIDIA-H100-80GB-HBM3,rlhf-gpus,000000368,1,1,4,nan,nan%,nan%,nan,nan,1.00
NVIDIA-H100-80GB-HBM3,rlhf-gpus,000000384,1,1,4,nan,nan%,nan%,nan,nan,1.00
NVIDIA-H100-80GB-HBM3,rlhf-gpus,000000384,1,1,4,nan,nan%,nan%,nan,nan,1.00
NVIDIA-H100-80GB-HBM3,rlhf-gpus,000000384,1,1,4,nan,nan%,nan%,nan,nan,1.00
NVIDIA-H100-80GB-HBM3,rlhf-gpus,000000512,1,1,4,nan,nan%,nan%,nan,nan,1.00
NVIDIA-H100-80GB-HBM3,rlhf-gpus,000000512,1,1,4,nan,nan%,nan%,nan,nan,1.00
NVIDIA-H100-80GB-HBM3,rlhf-gpus,000000512,1,1,4,nan,nan%,nan%,nan,nan,1.00
NVIDIA-H100-80GB-HBM3,t5,000000042,1,1,1,nan,nan%,nan%,nan,nan,2.00
NVIDIA-H100-80GB-HBM3,t5,000000042,1,1,1,nan,nan%,nan%,nan,nan,2.00
NVIDIA-H100-80GB-HBM3,t5,000000042,1,1,1,nan,nan%,nan%,nan,nan,2.00
NVIDIA-H100-80GB-HBM3,t5,000000044,1,1,1,nan,nan%,nan%,nan,nan,2.00
NVIDIA-H100-80GB-HBM3,t5,000000044,1,1,1,nan,nan%,nan%,nan,nan,2.00
NVIDIA-H100-80GB-HBM3,t5,000000048,1,1,1,nan,nan%,nan%,nan,nan,2.00
NVIDIA-H100-80GB-HBM3,t5,000000048,1,1,1,nan,nan%,nan%,nan,nan,2.00
NVIDIA-H100-80GB-HBM3,t5,000000064,1,1,1,nan,nan%,nan%,nan,nan,2.00
NVIDIA-H100-80GB-HBM3,t5,000000064,1,1,1,nan,nan%,nan%,nan,nan,2.00
NVIDIA-H100-80GB-HBM3,whisper,000001024,1,1,1,nan,nan%,nan%,nan,nan,1.00
NVIDIA-H100-80GB-HBM3,whisper,000000720,1,1,1,nan,nan%,nan%,nan,nan,1.00
NVIDIA-H100-80GB-HBM3,whisper,000000736,1,1,1,nan,nan%,nan%,nan,nan,1.00
NVIDIA-H100-80GB-HBM3,whisper,000000768,1,1,1,nan,nan%,nan%,nan,nan,1.00
NVIDIA-L40S,diffusion-single,000000028,1,1,1,6.07,0.0%,0.0%,20008,0.00,1.00
NVIDIA-L40S,diffusion-single,000000028,1,1,1,nan,nan%,nan%,nan,nan,1.00
NVIDIA-L40S,diffusion-single,000000028,1,1,1,nan,nan%,nan%,nan,nan,1.00
NVIDIA-L40S,diffusion-single,000000032,1,1,1,7.38,0.0%,0.0%,nan,0.00,1.00
NVIDIA-L40S,diffusion-single,000000032,1,1,1,nan,nan%,nan%,nan,nan,1.00
NVIDIA-L40S,diffusion-single,000000032,1,1,1,nan,nan%,nan%,nan,nan,1.00
NVIDIA-L40S,diffusion-single,000000064,1,1,1,nan,nan%,nan%,4856,nan,1.00
NVIDIA-L40S,diffusion-single,000000064,1,1,1,nan,nan%,nan%,nan,nan,1.00
NVIDIA-L40S,diffusion-single,000000064,1,1,1,nan,nan%,nan%,nan,nan,1.00
NVIDIA-L40S,dimenet,000000100,1,1,1,nan,nan%,nan%,nan,nan,1.00
NVIDIA-L40S,dimenet,000000100,1,1,1,nan,nan%,nan%,25008,nan,1.00
NVIDIA-L40S,dimenet,000000100,1,1,1,nan,nan%,nan%,nan,nan,1.00
NVIDIA-L40S,dimenet,000000118,1,1,1,nan,nan%,nan%,20826,nan,1.00
NVIDIA-L40S,dimenet,000000130,1,1,1,nan,nan%,nan%,nan,nan,1.00
NVIDIA-L40S,dimenet,000000130,1,1,1,nan,nan%,nan%,nan,nan,1.00
NVIDIA-L40S,dimenet,000000130,1,1,1,nan,nan%,nan%,8236,nan,1.00
NVIDIA-L40S,dimenet,000000196,1,1,1,nan,nan%,nan%,41178,nan,1.00
NVIDIA-L40S,dimenet,000000196,1,1,1,nan,nan%,nan%,924,nan,1.00
NVIDIA-L40S,dimenet,000000196,1,1,1,nan,nan%,nan%,26004,nan,1.00
NVIDIA-L40S,dimenet,000000228,1,1,1,nan,nan%,nan%,30840,nan,1.00
NVIDIA-L40S,dimenet,000000228,1,1,1,nan,nan%,nan%,38552,nan,1.00
NVIDIA-L40S,dimenet,000000228,1,1,1,nan,nan%,nan%,21840,nan,1.00
NVIDIA-L40S,dimenet,000000252,1,1,1,nan,nan%,nan%,15018,nan,1.00
NVIDIA-L40S,dimenet,000000252,1,1,1,nan,nan%,nan%,nan,nan,1.00
NVIDIA-L40S,dimenet,000000252,1,1,1,nan,nan%,nan%,24052,nan,1.00
NVIDIA-L40S,dimenet,000000076,1,1,1,nan,nan%,nan%,nan,nan,1.00
NVIDIA-L40S,dimenet,000000076,1,1,1,nan,nan%,nan%,nan,nan,1.00
NVIDIA-L40S,dimenet,000000078,1,1,1,nan,nan%,nan%,nan,nan,1.00
NVIDIA-L40S,dimenet,000000080,1,1,1,nan,nan%,nan%,nan,nan,1.00
NVIDIA-L40S,dimenet,000000080,1,1,1,nan,nan%,nan%,10364,nan,1.00
NVIDIA-L40S,dimenet,000000080,1,1,1,nan,nan%,nan%,8538,nan,1.00
NVIDIA-L40S,dimenet,000000084,1,1,1,nan,nan%,nan%,18278,nan,1.00
NVIDIA-L40S,dimenet,000000084,1,1,1,nan,nan%,nan%,nan,nan,1.00
NVIDIA-L40S,dimenet,000000084,1,1,1,nan,nan%,nan%,12154,nan,1.00
NVIDIA-L40S,dimenet,000000088,1,1,1,nan,nan%,nan%,nan,nan,1.00
NVIDIA-L40S,dimenet,000000088,1,1,1,nan,nan%,nan%,nan,nan,1.00
NVIDIA-L40S,dimenet,000000088,1,1,1,nan,nan%,nan%,nan,nan,1.00
NVIDIA-L40S,dimenet,000000090,1,1,1,nan,nan%,nan%,nan,nan,1.00
NVIDIA-L40S,dimenet,000000094,1,1,1,nan,nan%,nan%,16966,nan,1.00
NVIDIA-L40S,dimenet,000000096,1,1,1,nan,nan%,nan%,25250,nan,1.00
NVIDIA-L40S,dinov2-giant-single,000000022,1,1,1,nan,nan%,nan%,7658,nan,1.00
NVIDIA-L40S,dinov2-giant-single,000000022,1,1,1,nan,nan%,nan%,6902,nan,1.00
NVIDIA-L40S,dinov2-giant-single,000000022,1,1,1,nan,nan%,nan%,44732,nan,1.00
NVIDIA-L40S,dinov2-giant-single,000000024,1,1,1,nan,nan%,nan%,7342,nan,1.00
NVIDIA-L40S,dinov2-giant-single,000000024,1,1,1,nan,nan%,nan%,7978,nan,1.00
NVIDIA-L40S,dinov2-giant-single,000000024,1,1,1,nan,nan%,nan%,7242,nan,1.00
NVIDIA-L40S,dinov2-giant-single,000000032,1,1,1,nan,nan%,nan%,7318,nan,1.00
NVIDIA-L40S,dinov2-giant-single,000000032,1,1,1,nan,nan%,nan%,8540,nan,1.00
NVIDIA-L40S,dinov2-giant-single,000000032,1,1,1,nan,nan%,nan%,8030,nan,1.00
NVIDIA-L40S,dinov2-giant-single,000000064,1,1,1,nan,nan%,nan%,8318,nan,1.00
NVIDIA-L40S,dinov2-giant-single,000000064,1,1,1,nan,nan%,nan%,7682,nan,1.00
NVIDIA-L40S,dinov2-giant-single,000000064,1,1,1,nan,nan%,nan%,38172,nan,1.00
NVIDIA-L40S,lightning-gpus,000000216,1,1,4,2085.23,1.0%,9.7%,22300,0.00,1.00
NVIDIA-L40S,lightning,000001024,1,1,1,nan,nan%,nan%,1660,nan,1.00
NVIDIA-L40S,lightning-gpus,000001024,1,1,1,nan,nan%,nan%,1660,nan,1.00
NVIDIA-L40S,lightning,000001024,1,1,1,nan,nan%,nan%,1660,nan,1.00
NVIDIA-L40S,lightning-gpus,000001024,1,1,1,nan,nan%,nan%,nan,nan,1.00
NVIDIA-L40S,lightning,000001024,1,1,1,nan,nan%,nan%,nan,nan,1.00
NVIDIA-L40S,lightning-gpus,000001024,1,1,1,nan,nan%,nan%,nan,nan,1.00
NVIDIA-L40S,lightning,000000504,1,1,1,nan,nan%,nan%,nan,nan,1.00
NVIDIA-L40S,lightning-gpus,000000504,1,1,1,nan,nan%,nan%,45914,nan,1.00
NVIDIA-L40S,lightning,000000504,1,1,1,nan,nan%,nan%,nan,nan,1.00
NVIDIA-L40S,lightning-gpus,000000504,1,1,1,nan,nan%,nan%,388,nan,1.00
NVIDIA-L40S,lightning,000000504,1,1,1,nan,nan%,nan%,45912,nan,1.00
NVIDIA-L40S,lightning-gpus,000000504,1,1,1,nan,nan%,nan%,nan,nan,1.00
NVIDIA-L40S,lightning,000000512,1,1,1,nan,nan%,nan%,nan,nan,1.00
NVIDIA-L40S,lightning-gpus,000000512,1,1,1,nan,nan%,nan%,nan,nan,1.00
NVIDIA-L40S,lightning,000000512,1,1,1,nan,nan%,nan%,nan,nan,1.00
NVIDIA-L40S,lightning-gpus,000000512,1,1,1,nan,nan%,nan%,nan,nan,1.00
NVIDIA-L40S,lightning,000000512,1,1,1,nan,nan%,nan%,nan,nan,1.00
NVIDIA-L40S,lightning-gpus,000000512,1,1,1,nan,nan%,nan%,nan,nan,1.00
NVIDIA-L40S,llm-full-mp-gpus,000000001,1,1,4,nan,nan%,nan%,nan,nan,1.00
NVIDIA-L40S,llm-full-mp-gpus,000000001,1,1,4,nan,nan%,nan%,nan,nan,1.00
NVIDIA-L40S,llm-full-mp-gpus,000000001,1,1,4,nan,nan%,nan%,nan,nan,1.00
NVIDIA-L40S,llm-full-mp-gpus,000000016,1,1,4,nan,nan%,nan%,nan,nan,1.00
NVIDIA-L40S,llm-full-mp-gpus,000000016,1,1,4,nan,nan%,nan%,nan,nan,1.00
NVIDIA-L40S,llm-full-mp-gpus,000000016,1,1,4,nan,nan%,nan%,nan,nan,1.00
NVIDIA-L40S,llm-full-mp-gpus,000000002,1,1,4,nan,nan%,nan%,nan,nan,1.00
NVIDIA-L40S,llm-full-mp-gpus,000000002,1,1,4,nan,nan%,nan%,nan,nan,1.00
NVIDIA-L40S,llm-full-mp-gpus,000000002,1,1,4,nan,nan%,nan%,nan,nan,1.00
NVIDIA-L40S,llm-full-mp-gpus,000000032,1,1,4,nan,nan%,nan%,nan,nan,1.00
NVIDIA-L40S,llm-full-mp-gpus,000000032,1,1,4,nan,nan%,nan%,nan,nan,1.00
NVIDIA-L40S,llm-full-mp-gpus,000000032,1,1,4,nan,nan%,nan%,nan,nan,1.00
NVIDIA-L40S,llm-full-mp-gpus,000000004,1,1,4,nan,nan%,nan%,nan,nan,1.00
NVIDIA-L40S,llm-full-mp-gpus,000000004,1,1,4,nan,nan%,nan%,nan,nan,1.00
NVIDIA-L40S,llm-full-mp-gpus,000000004,1,1,4,nan,nan%,nan%,nan,nan,1.00
NVIDIA-L40S,llm-full-mp-gpus,000000008,1,1,4,nan,nan%,nan%,nan,nan,1.00
NVIDIA-L40S,llm-full-mp-gpus,000000008,1,1,4,nan,nan%,nan%,nan,nan,1.00
NVIDIA-L40S,llm-full-mp-gpus,000000008,1,1,4,nan,nan%,nan%,nan,nan,1.00
NVIDIA-L40S,llm-lora-mp-gpus,000000001,1,1,4,nan,nan%,nan%,45520,nan,1.00
NVIDIA-L40S,llm-lora-mp-gpus,000000001,1,1,4,nan,nan%,nan%,45456,nan,1.00
NVIDIA-L40S,llm-lora-mp-gpus,000000001,1,1,4,nan,nan%,nan%,45522,nan,1.00
NVIDIA-L40S,llm-lora-mp-gpus,000000016,1,1,4,nan,nan%,nan%,nan,nan,1.00
NVIDIA-L40S,llm-lora-mp-gpus,000000016,1,1,4,nan,nan%,nan%,nan,nan,1.00
NVIDIA-L40S,llm-lora-mp-gpus,000000016,1,1,4,nan,nan%,nan%,nan,nan,1.00
NVIDIA-L40S,llm-lora-mp-gpus,000000002,1,1,4,nan,nan%,nan%,45586,nan,1.00
NVIDIA-L40S,llm-lora-mp-gpus,000000002,1,1,4,nan,nan%,nan%,45520,nan,1.00
NVIDIA-L40S,llm-lora-mp-gpus,000000002,1,1,4,nan,nan%,nan%,45682,nan,1.00
NVIDIA-L40S,llm-lora-mp-gpus,000000032,1,1,4,nan,nan%,nan%,nan,nan,1.00
NVIDIA-L40S,llm-lora-mp-gpus,000000032,1,1,4,nan,nan%,nan%,nan,nan,1.00
NVIDIA-L40S,llm-lora-mp-gpus,000000032,1,1,4,nan,nan%,nan%,nan,nan,1.00
NVIDIA-L40S,llm-lora-mp-gpus,000000004,1,1,4,nan,nan%,nan%,45852,nan,1.00
NVIDIA-L40S,llm-lora-mp-gpus,000000004,1,1,4,nan,nan%,nan%,45520,nan,1.00
NVIDIA-L40S,llm-lora-mp-gpus,000000004,1,1,4,nan,nan%,nan%,45788,nan,1.00
NVIDIA-L40S,llm-lora-mp-gpus,000000008,1,1,4,nan,nan%,nan%,45568,nan,1.00
NVIDIA-L40S,llm-lora-mp-gpus,000000008,1,1,4,nan,nan%,nan%,45698,nan,1.00
NVIDIA-L40S,llm-lora-mp-gpus,000000008,1,1,4,nan,nan%,nan%,45698,nan,1.00
NVIDIA-L40S,recursiongfn,000000238,1,1,1,nan,nan%,nan%,11222,nan,1.00
NVIDIA-L40S,recursiongfn,000000238,1,1,1,nan,nan%,nan%,7374,nan,1.00
NVIDIA-L40S,rlhf-gpus,000001024,1,1,4,nan,nan%,nan%,19500,nan,1.00
NVIDIA-L40S,rlhf-gpus,000001024,1,1,4,nan,nan%,nan%,19508,nan,1.00
NVIDIA-L40S,rlhf-gpus,000001024,1,1,4,nan,nan%,nan%,19462,nan,1.00
NVIDIA-L40S,rlhf-gpus,000000192,1,1,4,nan,nan%,nan%,45990,nan,1.00
NVIDIA-L40S,rlhf-gpus,000000192,1,1,4,nan,nan%,nan%,19316,nan,1.00
NVIDIA-L40S,rlhf-gpus,000000192,1,1,4,nan,nan%,nan%,23202,nan,1.00
NVIDIA-L40S,rlhf-gpus,000000256,1,1,4,nan,nan%,nan%,nan,nan,1.00
NVIDIA-L40S,rlhf-gpus,000000256,1,1,4,nan,nan%,nan%,nan,nan,1.00
NVIDIA-L40S,rlhf-gpus,000000256,1,1,4,nan,nan%,nan%,nan,nan,1.00
NVIDIA-L40S,rlhf-gpus,000000512,1,1,4,nan,nan%,nan%,nan,nan,1.00
NVIDIA-L40S,rlhf-gpus,000000512,1,1,4,nan,nan%,nan%,nan,nan,1.00
NVIDIA-L40S,rlhf-gpus,000000512,1,1,4,nan,nan%,nan%,nan,nan,1.00
NVIDIA-L40S,t5,000000024,1,1,1,nan,nan%,nan%,nan,nan,2.00
NVIDIA-L40S,t5,000000024,1,1,1,nan,nan%,nan%,nan,nan,2.00
NVIDIA-L40S,t5,000000024,1,1,1,nan,nan%,nan%,nan,nan,2.00
NVIDIA-L40S,t5,000000032,1,1,1,nan,nan%,nan%,nan,nan,2.00
NVIDIA-L40S,t5,000000032,1,1,1,nan,nan%,nan%,nan,nan,2.00
NVIDIA-L40S,t5,000000032,1,1,1,nan,nan%,nan%,nan,nan,2.00
NVIDIA-L40S,t5,000000064,1,1,1,nan,nan%,nan%,nan,nan,2.00
NVIDIA-L40S,t5,000000064,1,1,1,nan,nan%,nan%,nan,nan,2.00
NVIDIA-L40S,t5,000000064,1,1,1,nan,nan%,nan%,nan,nan,2.00
NVIDIA-L40S,whisper,000000408,1,1,1,nan,nan%,nan%,nan,nan,1.00
NVIDIA-L40S,whisper,000000408,1,1,1,nan,nan%,nan%,nan,nan,1.00
NVIDIA-L40S,whisper,000000408,1,1,1,nan,nan%,nan%,nan,nan,1.00
NVIDIA-L40S,whisper,000000416,1,1,1,nan,nan%,nan%,nan,nan,1.00
NVIDIA-L40S,whisper,000000416,1,1,1,nan,nan%,nan%,nan,nan,1.00
NVIDIA-L40S,whisper,000000416,1,1,1,nan,nan%,nan%,nan,nan,1.00
NVIDIA-L40S,whisper,000000448,1,1,1,nan,nan%,nan%,nan,nan,1.00
NVIDIA-L40S,whisper,000000448,1,1,1,nan,nan%,nan%,nan,nan,1.00
NVIDIA-L40S,whisper,000000448,1,1,1,nan,nan%,nan%,nan,nan,1.00
NVIDIA-L40S,whisper,000000512,1,1,1,nan,nan%,nan%,nan,nan,1.00
NVIDIA-L40S,whisper,000000512,1,1,1,nan,nan%,nan%,nan,nan,1.00
NVIDIA-L40S,whisper,000000512,1,1,1,nan,nan%,nan%,nan,nan,1.00
Quadro-RTX-8000,diffusion-single,000000014,1,1,1,nan,nan%,nan%,34305,nan,1.00
Quadro-RTX-8000,diffusion-single,000000014,1,1,1,nan,nan%,nan%,10985,nan,1.00
Quadro-RTX-8000,diffusion-single,000000014,1,1,1,nan,nan%,nan%,nan,nan,1.00
Quadro-RTX-8000,diffusion-single,000000016,1,1,1,nan,nan%,nan%,nan,nan,1.00
Quadro-RTX-8000,diffusion-single,000000016,1,1,1,nan,nan%,nan%,nan,nan,1.00
Quadro-RTX-8000,diffusion-single,000000016,1,1,1,nan,nan%,nan%,nan,nan,1.00
Quadro-RTX-8000,diffusion-single,000000032,1,1,1,nan,nan%,nan%,nan,nan,1.00
Quadro-RTX-8000,diffusion-single,000000032,1,1,1,nan,nan%,nan%,nan,nan,1.00
Quadro-RTX-8000,diffusion-single,000000032,1,1,1,nan,nan%,nan%,nan,nan,1.00
Quadro-RTX-8000,diffusion-single,000000064,1,1,1,nan,nan%,nan%,30423,nan,1.00
Quadro-RTX-8000,diffusion-single,000000064,1,1,1,nan,nan%,nan%,nan,nan,1.00
Quadro-RTX-8000,diffusion-single,000000064,1,1,1,nan,nan%,nan%,nan,nan,1.00
Quadro-RTX-8000,dimenet,000000166,1,1,1,nan,nan%,nan%,28909,nan,1.00
Quadro-RTX-8000,dimenet,000000166,1,1,1,nan,nan%,nan%,41671,nan,1.00
Quadro-RTX-8000,dimenet,000000166,1,1,1,nan,nan%,nan%,29611,nan,1.00
Quadro-RTX-8000,dimenet,000000184,1,1,1,nan,nan%,nan%,nan,nan,1.00
Quadro-RTX-8000,dimenet,000000188,1,1,1,nan,nan%,nan%,31677,nan,1.00
Quadro-RTX-8000,dimenet,000000088,1,1,1,nan,nan%,nan%,nan,nan,1.00
Quadro-RTX-8000,dimenet,000000088,1,1,1,nan,nan%,nan%,12771,nan,1.00
Quadro-RTX-8000,dimenet,000000088,1,1,1,nan,nan%,nan%,15597,nan,1.00
Quadro-RTX-8000,dimenet,000000090,1,1,1,nan,nan%,nan%,5825,nan,1.00
Quadro-RTX-8000,dimenet,000000092,1,1,1,nan,nan%,nan%,nan,nan,1.00
Quadro-RTX-8000,dimenet,000000092,1,1,1,nan,nan%,nan%,9299,nan,1.00
Quadro-RTX-8000,dimenet,000000092,1,1,1,nan,nan%,nan%,15287,nan,1.00
Quadro-RTX-8000,dimenet,000000094,1,1,1,nan,nan%,nan%,9447,nan,1.00
Quadro-RTX-8000,dinov2-giant-gpus,000000001,1,1,4,nan,nan%,nan%,25651,nan,1.00
Quadro-RTX-8000,dinov2-giant-gpus,000000001,1,1,4,nan,nan%,nan%,22075,nan,1.00
Quadro-RTX-8000,dinov2-giant-gpus,000000001,1,1,4,nan,nan%,nan%,19639,nan,1.00
Quadro-RTX-8000,dinov2-giant-gpus,000000016,1,1,4,nan,nan%,nan%,24853,nan,1.00
Quadro-RTX-8000,dinov2-giant-gpus,000000016,1,1,4,nan,nan%,nan%,22075,nan,1.00
Quadro-RTX-8000,dinov2-giant-gpus,000000016,1,1,4,nan,nan%,nan%,22811,nan,1.00
Quadro-RTX-8000,dinov2-giant-gpus,000000002,1,1,4,nan,nan%,nan%,22121,nan,1.00
Quadro-RTX-8000,dinov2-giant-gpus,000000002,1,1,4,nan,nan%,nan%,21853,nan,1.00
Quadro-RTX-8000,dinov2-giant-gpus,000000002,1,1,4,nan,nan%,nan%,22071,nan,1.00
Quadro-RTX-8000,dinov2-giant-gpus,000000032,1,1,4,nan,nan%,nan%,22125,nan,1.00
Quadro-RTX-8000,dinov2-giant-gpus,000000032,1,1,4,nan,nan%,nan%,29325,nan,1.00
Quadro-RTX-8000,dinov2-giant-gpus,000000032,1,1,4,nan,nan%,nan%,24709,nan,1.00
Quadro-RTX-8000,dinov2-giant-gpus,000000004,1,1,4,nan,nan%,nan%,22121,nan,1.00
Quadro-RTX-8000,dinov2-giant-gpus,000000004,1,1,4,nan,nan%,nan%,22125,nan,1.00
Quadro-RTX-8000,dinov2-giant-gpus,000000004,1,1,4,nan,nan%,nan%,24711,nan,1.00
Quadro-RTX-8000,dinov2-giant-gpus,000000064,1,1,4,nan,nan%,nan%,22813,nan,1.00
Quadro-RTX-8000,dinov2-giant-gpus,000000064,1,1,4,nan,nan%,nan%,24853,nan,1.00
Quadro-RTX-8000,dinov2-giant-gpus,000000064,1,1,4,nan,nan%,nan%,24853,nan,1.00
Quadro-RTX-8000,dinov2-giant-gpus,000000008,1,1,4,nan,nan%,nan%,24711,nan,1.00
Quadro-RTX-8000,dinov2-giant-gpus,000000008,1,1,4,nan,nan%,nan%,9073,nan,1.00
Quadro-RTX-8000,dinov2-giant-gpus,000000008,1,1,4,nan,nan%,nan%,22121,nan,1.00
Quadro-RTX-8000,dinov2-giant-single,000000001,1,1,1,nan,nan%,nan%,2407,nan,1.00
Quadro-RTX-8000,dinov2-giant-single,000000001,1,1,1,nan,nan%,nan%,2133,nan,1.00
Quadro-RTX-8000,dinov2-giant-single,000000001,1,1,1,nan,nan%,nan%,nan,nan,1.00
Quadro-RTX-8000,dinov2-giant-single,000000016,1,1,1,nan,nan%,nan%,3579,nan,1.00
Quadro-RTX-8000,dinov2-giant-single,000000016,1,1,1,nan,nan%,nan%,nan,nan,1.00
Quadro-RTX-8000,dinov2-giant-single,000000016,1,1,1,nan,nan%,nan%,2675,nan,1.00
Quadro-RTX-8000,dinov2-giant-single,000000002,1,1,1,nan,nan%,nan%,1793,nan,1.00
Quadro-RTX-8000,dinov2-giant-single,000000002,1,1,1,nan,nan%,nan%,2455,nan,1.00
Quadro-RTX-8000,dinov2-giant-single,000000002,1,1,1,nan,nan%,nan%,nan,nan,1.00
Quadro-RTX-8000,dinov2-giant-single,000000032,1,1,1,nan,nan%,nan%,2065,nan,1.00
Quadro-RTX-8000,dinov2-giant-single,000000032,1,1,1,nan,nan%,nan%,nan,nan,1.00
Quadro-RTX-8000,dinov2-giant-single,000000032,1,1,1,nan,nan%,nan%,2133,nan,1.00
Quadro-RTX-8000,dinov2-giant-single,000000004,1,1,1,nan,nan%,nan%,2919,nan,1.00
Quadro-RTX-8000,dinov2-giant-single,000000004,1,1,1,nan,nan%,nan%,20611,nan,1.00
Quadro-RTX-8000,dinov2-giant-single,000000004,1,1,1,nan,nan%,nan%,nan,nan,1.00
Quadro-RTX-8000,dinov2-giant-single,000000064,1,1,1,nan,nan%,nan%,1745,nan,1.00
Quadro-RTX-8000,dinov2-giant-single,000000064,1,1,1,nan,nan%,nan%,nan,nan,1.00
Quadro-RTX-8000,dinov2-giant-single,000000064,1,1,1,nan,nan%,nan%,2085,nan,1.00
Quadro-RTX-8000,dinov2-giant-single,000000008,1,1,1,nan,nan%,nan%,1937,nan,1.00
Quadro-RTX-8000,dinov2-giant-single,000000008,1,1,1,nan,nan%,nan%,1473,nan,1.00
Quadro-RTX-8000,dinov2-giant-single,000000008,1,1,1,nan,nan%,nan%,nan,nan,1.00
Quadro-RTX-8000,lightning,000001024,1,1,1,nan,nan%,nan%,45655,nan,1.00
Quadro-RTX-8000,lightning-gpus,000001024,1,1,1,nan,nan%,nan%,45891,nan,1.00
Quadro-RTX-8000,lightning,000001024,1,1,1,nan,nan%,nan%,nan,nan,1.00
Quadro-RTX-8000,lightning-gpus,000001024,1,1,1,nan,nan%,nan%,nan,nan,1.00
Quadro-RTX-8000,lightning,000001024,1,1,1,nan,nan%,nan%,1535,nan,1.00
Quadro-RTX-8000,lightning-gpus,000001024,1,1,1,nan,nan%,nan%,nan,nan,1.00
Quadro-RTX-8000,lightning,000000504,1,1,1,nan,nan%,nan%,1831,nan,1.00
Quadro-RTX-8000,lightning-gpus,000000504,1,1,1,nan,nan%,nan%,45751,nan,1.00
Quadro-RTX-8000,lightning,000000504,1,1,1,nan,nan%,nan%,28335,nan,1.00
Quadro-RTX-8000,lightning-gpus,000000504,1,1,1,nan,nan%,nan%,28313,nan,1.00
Quadro-RTX-8000,lightning,000000504,1,1,1,nan,nan%,nan%,45751,nan,1.00
Quadro-RTX-8000,lightning-gpus,000000504,1,1,1,nan,nan%,nan%,20569,nan,1.00
Quadro-RTX-8000,lightning,000000512,1,1,1,nan,nan%,nan%,1535,nan,1.00
Quadro-RTX-8000,lightning-gpus,000000512,1,1,1,nan,nan%,nan%,nan,nan,1.00
Quadro-RTX-8000,lightning,000000512,1,1,1,nan,nan%,nan%,nan,nan,1.00
Quadro-RTX-8000,lightning-gpus,000000512,1,1,1,nan,nan%,nan%,1511,nan,1.00
Quadro-RTX-8000,lightning,000000512,1,1,1,nan,nan%,nan%,1511,nan,1.00
Quadro-RTX-8000,lightning-gpus,000000512,1,1,1,nan,nan%,nan%,1513,nan,1.00
Quadro-RTX-8000,llm-full-mp-gpus,000000001,1,1,4,nan,nan%,nan%,2941,nan,1.00
Quadro-RTX-8000,llm-full-mp-gpus,000000001,1,1,4,nan,nan%,nan%,2957,nan,1.00
Quadro-RTX-8000,llm-full-mp-gpus,000000001,1,1,4,nan,nan%,nan%,2955,nan,1.00
Quadro-RTX-8000,llm-full-mp-gpus,000000016,1,1,4,nan,nan%,nan%,2905,nan,1.00
Quadro-RTX-8000,llm-full-mp-gpus,000000016,1,1,4,nan,nan%,nan%,2935,nan,1.00
Quadro-RTX-8000,llm-full-mp-gpus,000000016,1,1,4,nan,nan%,nan%,2945,nan,1.00
Quadro-RTX-8000,llm-full-mp-gpus,000000002,1,1,4,nan,nan%,nan%,2929,nan,1.00
Quadro-RTX-8000,llm-full-mp-gpus,000000002,1,1,4,nan,nan%,nan%,2951,nan,1.00
Quadro-RTX-8000,llm-full-mp-gpus,000000002,1,1,4,nan,nan%,nan%,2949,nan,1.00
Quadro-RTX-8000,llm-full-mp-gpus,000000032,1,1,4,nan,nan%,nan%,2895,nan,1.00
Quadro-RTX-8000,llm-full-mp-gpus,000000032,1,1,4,nan,nan%,nan%,2921,nan,1.00
Quadro-RTX-8000,llm-full-mp-gpus,000000032,1,1,4,nan,nan%,nan%,2963,nan,1.00
Quadro-RTX-8000,llm-full-mp-gpus,000000004,1,1,4,nan,nan%,nan%,2907,nan,1.00
Quadro-RTX-8000,llm-full-mp-gpus,000000004,1,1,4,nan,nan%,nan%,2955,nan,1.00
Quadro-RTX-8000,llm-full-mp-gpus,000000004,1,1,4,nan,nan%,nan%,2959,nan,1.00
Quadro-RTX-8000,llm-full-mp-gpus,000000008,1,1,4,nan,nan%,nan%,2927,nan,1.00
Quadro-RTX-8000,llm-full-mp-gpus,000000008,1,1,4,nan,nan%,nan%,2963,nan,1.00
Quadro-RTX-8000,llm-full-mp-gpus,000000008,1,1,4,nan,nan%,nan%,2957,nan,1.00
Quadro-RTX-8000,llm-lora-mp-gpus,000000001,1,1,4,nan,nan%,nan%,46035,nan,1.00
Quadro-RTX-8000,llm-lora-mp-gpus,000000001,1,1,4,nan,nan%,nan%,46035,nan,1.00
Quadro-RTX-8000,llm-lora-mp-gpus,000000001,1,1,4,nan,nan%,nan%,46035,nan,1.00
Quadro-RTX-8000,llm-lora-mp-gpus,000000016,1,1,4,nan,nan%,nan%,46035,nan,1.00
Quadro-RTX-8000,llm-lora-mp-gpus,000000016,1,1,4,nan,nan%,nan%,46035,nan,1.00
Quadro-RTX-8000,llm-lora-mp-gpus,000000016,1,1,4,nan,nan%,nan%,46035,nan,1.00
Quadro-RTX-8000,llm-lora-mp-gpus,000000002,1,1,4,nan,nan%,nan%,46037,nan,1.00
Quadro-RTX-8000,llm-lora-mp-gpus,000000002,1,1,4,nan,nan%,nan%,46037,nan,1.00
Quadro-RTX-8000,llm-lora-mp-gpus,000000002,1,1,4,nan,nan%,nan%,46037,nan,1.00
Quadro-RTX-8000,llm-lora-mp-gpus,000000032,1,1,4,nan,nan%,nan%,46035,nan,1.00
Quadro-RTX-8000,llm-lora-mp-gpus,000000032,1,1,4,nan,nan%,nan%,46035,nan,1.00
Quadro-RTX-8000,llm-lora-mp-gpus,000000032,1,1,4,nan,nan%,nan%,46035,nan,1.00
Quadro-RTX-8000,llm-lora-mp-gpus,000000004,1,1,4,nan,nan%,nan%,46037,nan,1.00
Quadro-RTX-8000,llm-lora-mp-gpus,000000004,1,1,4,nan,nan%,nan%,46037,nan,1.00
Quadro-RTX-8000,llm-lora-mp-gpus,000000004,1,1,4,nan,nan%,nan%,46037,nan,1.00
Quadro-RTX-8000,llm-lora-mp-gpus,000000008,1,1,4,nan,nan%,nan%,46035,nan,1.00
Quadro-RTX-8000,llm-lora-mp-gpus,000000008,1,1,4,nan,nan%,nan%,46079,nan,1.00
Quadro-RTX-8000,llm-lora-mp-gpus,000000008,1,1,4,nan,nan%,nan%,46035,nan,1.00
Quadro-RTX-8000,recursiongfn,000000220,1,1,1,nan,nan%,nan%,29901,nan,1.00
Quadro-RTX-8000,recursiongfn,000000220,1,1,1,nan,nan%,nan%,14273,nan,1.00
Quadro-RTX-8000,recursiongfn,000000220,1,1,1,nan,nan%,nan%,14925,nan,1.00
Quadro-RTX-8000,rlhf-gpus,000001024,1,1,4,nan,nan%,nan%,16277,nan,1.00
Quadro-RTX-8000,rlhf-gpus,000001024,1,1,4,nan,nan%,nan%,18939,nan,1.00
Quadro-RTX-8000,rlhf-gpus,000001024,1,1,4,nan,nan%,nan%,19373,nan,1.00
Quadro-RTX-8000,rlhf-gpus,000000180,0,1,4,nan,nan%,nan%,46001,nan,1.00
Quadro-RTX-8000,rlhf-gpus,000000180,0,1,4,nan,nan%,nan%,46001,nan,1.00
Quadro-RTX-8000,rlhf-gpus,000000180,0,1,4,nan,nan%,nan%,46001,nan,1.00
Quadro-RTX-8000,rlhf-gpus,000000184,0,1,4,nan,nan%,nan%,44841,nan,1.00
Quadro-RTX-8000,rlhf-gpus,000000184,0,1,4,nan,nan%,nan%,46035,nan,1.00
Quadro-RTX-8000,rlhf-gpus,000000184,0,1,4,nan,nan%,nan%,44841,nan,1.00
Quadro-RTX-8000,rlhf-gpus,000000192,1,1,4,nan,nan%,nan%,45513,nan,1.00
Quadro-RTX-8000,rlhf-gpus,000000192,1,1,4,nan,nan%,nan%,45513,nan,1.00
Quadro-RTX-8000,rlhf-gpus,000000192,1,1,4,nan,nan%,nan%,45493,nan,1.00
Quadro-RTX-8000,rlhf-gpus,000000256,1,1,4,nan,nan%,nan%,nan,nan,1.00
Quadro-RTX-8000,rlhf-gpus,000000256,1,1,4,nan,nan%,nan%,20849,nan,1.00
Quadro-RTX-8000,rlhf-gpus,000000256,1,1,4,nan,nan%,nan%,20863,nan,1.00
Quadro-RTX-8000,rlhf-gpus,000000512,1,1,4,nan,nan%,nan%,14117,nan,1.00
Quadro-RTX-8000,rlhf-gpus,000000512,1,1,4,nan,nan%,nan%,11001,nan,1.00
Quadro-RTX-8000,rlhf-gpus,000000512,1,1,4,nan,nan%,nan%,10989,nan,1.00
Quadro-RTX-8000,rlhf-single,000000062,0,1,1,nan,nan%,nan%,19325,nan,1.00
Quadro-RTX-8000,rlhf-single,000000064,0,1,1,nan,nan%,nan%,19965,nan,1.00
Quadro-RTX-8000,t5,000000024,1,1,1,nan,nan%,nan%,nan,nan,2.00
Quadro-RTX-8000,t5,000000024,1,1,1,nan,nan%,nan%,nan,nan,2.00
Quadro-RTX-8000,t5,000000024,1,1,1,nan,nan%,nan%,nan,nan,2.00
Quadro-RTX-8000,t5,000000032,1,1,1,nan,nan%,nan%,nan,nan,2.00
Quadro-RTX-8000,t5,000000032,1,1,1,nan,nan%,nan%,nan,nan,2.00
Quadro-RTX-8000,t5,000000032,1,1,1,nan,nan%,nan%,nan,nan,2.00
Quadro-RTX-8000,t5,000000064,1,1,1,nan,nan%,nan%,nan,nan,2.00
Quadro-RTX-8000,t5,000000064,1,1,1,nan,nan%,nan%,nan,nan,2.00
Quadro-RTX-8000,t5,000000064,1,1,1,nan,nan%,nan%,nan,nan,2.00
Quadro-RTX-8000,vjepa-single,000000008,0,1,1,nan,nan%,nan%,45807,nan,1.00
Quadro-RTX-8000,whisper,000000416,1,1,1,nan,nan%,nan%,nan,nan,1.00
Quadro-RTX-8000,whisper,000000416,1,1,1,nan,nan%,nan%,nan,nan,1.00
Quadro-RTX-8000,whisper,000000416,1,1,1,nan,nan%,nan%,nan,nan,1.00
Quadro-RTX-8000,whisper,000000448,1,1,1,nan,nan%,nan%,nan,nan,1.00
Quadro-RTX-8000,whisper,000000448,1,1,1,nan,nan%,nan%,1171,nan,1.00
Quadro-RTX-8000,whisper,000000448,1,1,1,nan,nan%,nan%,nan,nan,1.00
Quadro-RTX-8000,whisper,000000512,1,1,1,nan,nan%,nan%,nan,nan,1.00
Quadro-RTX-8000,whisper,000000512,1,1,1,nan,nan%,nan%,nan,nan,1.00
Quadro-RTX-8000,whisper,000000512,1,1,1,nan,nan%,nan%,nan,nan,1.00
Tesla-V100-SXM2-32GB-LS,bert-tf32-fp16,000000128,1,1,1,nan,nan%,nan%,nan,nan,3.00
Tesla-V100-SXM2-32GB-LS,bert-tf32-fp16,000000074,1,1,1,nan,nan%,nan%,nan,nan,3.00
Tesla-V100-SXM2-32GB-LS,bert-tf32-fp16,000000074,1,1,1,nan,nan%,nan%,nan,nan,3.00
Tesla-V100-SXM2-32GB-LS,bert-tf32-fp16,000000076,1,1,1,nan,nan%,nan%,nan,nan,3.00
Tesla-V100-SXM2-32GB-LS,bert-tf32-fp16,000000080,1,1,1,nan,nan%,nan%,nan,nan,3.00
Tesla-V100-SXM2-32GB-LS,bert-tf32-fp16,000000096,1,1,1,nan,nan%,nan%,nan,nan,3.00
Tesla-V100-SXM2-32GB-LS,convnext_large-tf32-fp16,000000168,1,1,1,nan,nan%,nan%,nan,nan,3.00
Tesla-V100-SXM2-32GB-LS,convnext_large-tf32-fp16,000000176,1,1,1,nan,nan%,nan%,nan,nan,3.00
Tesla-V100-SXM2-32GB-LS,convnext_large-tf32-fp16,000000192,1,1,1,nan,nan%,nan%,nan,nan,3.00
Tesla-V100-SXM2-32GB-LS,convnext_large-tf32-fp16,000000256,1,1,1,nan,nan%,nan%,nan,nan,3.00
Tesla-V100-SXM2-32GB-LS,convnext_large-tf32-fp16,000000512,1,1,1,nan,nan%,nan%,nan,nan,3.00
Tesla-V100-SXM2-32GB-LS,diffusion-gpus,000000016,1,1,4,nan,nan%,nan%,31293,nan,1.00
Tesla-V100-SXM2-32GB-LS,diffusion-gpus,000000032,1,1,4,nan,nan%,nan%,24559,nan,1.00
Tesla-V100-SXM2-32GB-LS,diffusion-gpus,000000006,1,1,4,nan,nan%,nan%,25705,nan,1.00
Tesla-V100-SXM2-32GB-LS,diffusion-gpus,000000006,1,1,4,nan,nan%,nan%,32471,nan,1.00
Tesla-V100-SXM2-32GB-LS,diffusion-gpus,000000064,1,1,4,nan,nan%,nan%,32645,nan,1.00
Tesla-V100-SXM2-32GB-LS,diffusion-gpus,000000008,1,1,4,nan,nan%,nan%,30931,nan,1.00
Tesla-V100-SXM2-32GB-LS,diffusion-single,000000016,1,1,1,nan,nan%,nan%,nan,nan,1.00
Tesla-V100-SXM2-32GB-LS,diffusion-single,000000032,1,1,1,nan,nan%,nan%,nan,nan,1.00
Tesla-V100-SXM2-32GB-LS,diffusion-single,000000064,1,1,1,nan,nan%,nan%,nan,nan,1.00
Tesla-V100-SXM2-32GB-LS,diffusion-single,000000008,1,1,1,nan,nan%,nan%,7593,nan,1.00
Tesla-V100-SXM2-32GB-LS,diffusion-single,000000008,1,1,1,nan,nan%,nan%,7593,nan,1.00
Tesla-V100-SXM2-32GB-LS,dimenet,000000162,1,1,1,nan,nan%,nan%,32697,nan,1.00
Tesla-V100-SXM2-32GB-LS,dimenet,000000174,1,1,1,nan,nan%,nan%,641,nan,1.00
Tesla-V100-SXM2-32GB-LS,dimenet,000000188,1,1,1,nan,nan%,nan%,24411,nan,1.00
Tesla-V100-SXM2-32GB-LS,dimenet,000000192,1,1,1,nan,nan%,nan%,18509,nan,1.00
Tesla-V100-SXM2-32GB-LS,dimenet,000000256,1,1,1,nan,nan%,nan%,24209,nan,1.00
Tesla-V100-SXM2-32GB-LS,dimenet,000000512,1,1,1,nan,nan%,nan%,27753,nan,1.00
Tesla-V100-SXM2-32GB-LS,dinov2-giant-gpus,000000001,1,1,4,nan,nan%,nan%,22029,nan,1.00
Tesla-V100-SXM2-32GB-LS,dinov2-giant-gpus,000000001,1,1,4,nan,nan%,nan%,24837,nan,1.00
Tesla-V100-SXM2-32GB-LS,dinov2-giant-gpus,000000016,1,1,4,nan,nan%,nan%,22789,nan,1.00
Tesla-V100-SXM2-32GB-LS,dinov2-giant-gpus,000000002,1,1,4,nan,nan%,nan%,22693,nan,1.00
Tesla-V100-SXM2-32GB-LS,dinov2-giant-gpus,000000002,1,1,4,nan,nan%,nan%,22111,nan,1.00
Tesla-V100-SXM2-32GB-LS,dinov2-giant-gpus,000000032,1,1,4,nan,nan%,nan%,24697,nan,1.00
Tesla-V100-SXM2-32GB-LS,dinov2-giant-gpus,000000004,1,1,4,nan,nan%,nan%,22111,nan,1.00
Tesla-V100-SXM2-32GB-LS,dinov2-giant-gpus,000000064,1,1,4,nan,nan%,nan%,24601,nan,1.00
Tesla-V100-SXM2-32GB-LS,dinov2-giant-gpus,000000008,1,1,4,nan,nan%,nan%,22015,nan,1.00
Tesla-V100-SXM2-32GB-LS,dinov2-giant-single,000000001,1,1,1,nan,nan%,nan%,15879,nan,1.00
Tesla-V100-SXM2-32GB-LS,dinov2-giant-single,000000001,1,1,1,nan,nan%,nan%,10333,nan,1.00
Tesla-V100-SXM2-32GB-LS,dinov2-giant-single,000000016,1,1,1,nan,nan%,nan%,9479,nan,1.00
Tesla-V100-SXM2-32GB-LS,dinov2-giant-single,000000002,1,1,1,nan,nan%,nan%,3889,nan,1.00
Tesla-V100-SXM2-32GB-LS,dinov2-giant-single,000000002,1,1,1,nan,nan%,nan%,4799,nan,1.00
Tesla-V100-SXM2-32GB-LS,dinov2-giant-single,000000032,1,1,1,nan,nan%,nan%,3817,nan,1.00
Tesla-V100-SXM2-32GB-LS,dinov2-giant-single,000000004,1,1,1,nan,nan%,nan%,20207,nan,1.00
Tesla-V100-SXM2-32GB-LS,dinov2-giant-single,000000064,1,1,1,nan,nan%,nan%,5239,nan,1.00
Tesla-V100-SXM2-32GB-LS,dinov2-giant-single,000000008,1,1,1,nan,nan%,nan%,4479,nan,1.00
Tesla-V100-SXM2-32GB-LS,lightning-gpus,000001024,1,1,4,nan,nan%,nan%,32719,nan,1.00
Tesla-V100-SXM2-32GB-LS,lightning-gpus,000000352,0,1,4,nan,nan%,nan%,32767,nan,1.00
Tesla-V100-SXM2-32GB-LS,lightning-gpus,000000384,1,1,4,nan,nan%,nan%,32669,nan,1.00
Tesla-V100-SXM2-32GB-LS,lightning-gpus,000000512,1,1,4,nan,nan%,nan%,32747,nan,1.00
Tesla-V100-SXM2-32GB-LS,lightning,000001024,1,1,1,nan,nan%,nan%,1381,nan,1.00
Tesla-V100-SXM2-32GB-LS,lightning-gpus,000001024,1,1,1,nan,nan%,nan%,1081,nan,1.00
Tesla-V100-SXM2-32GB-LS,lightning,000000352,1,1,1,nan,nan%,nan%,1085,nan,1.00
Tesla-V100-SXM2-32GB-LS,lightning-gpus,000000352,1,1,1,nan,nan%,nan%,nan,nan,1.00
Tesla-V100-SXM2-32GB-LS,lightning,000000384,1,1,1,nan,nan%,nan%,1383,nan,1.00
Tesla-V100-SXM2-32GB-LS,lightning-gpus,000000384,1,1,1,nan,nan%,nan%,1381,nan,1.00
Tesla-V100-SXM2-32GB-LS,lightning,000000512,1,1,1,nan,nan%,nan%,1437,nan,1.00
Tesla-V100-SXM2-32GB-LS,lightning-gpus,000000512,1,1,1,nan,nan%,nan%,nan,nan,1.00
Tesla-V100-SXM2-32GB-LS,llm-full-mp-gpus,000000001,1,1,4,nan,nan%,nan%,2901,nan,1.00
Tesla-V100-SXM2-32GB-LS,llm-full-mp-gpus,000000001,1,1,4,nan,nan%,nan%,2905,nan,1.00
Tesla-V100-SXM2-32GB-LS,llm-full-mp-gpus,000000016,1,1,4,nan,nan%,nan%,2903,nan,1.00
Tesla-V100-SXM2-32GB-LS,llm-full-mp-gpus,000000002,1,1,4,nan,nan%,nan%,2901,nan,1.00
Tesla-V100-SXM2-32GB-LS,llm-full-mp-gpus,000000002,1,1,4,nan,nan%,nan%,2877,nan,1.00
Tesla-V100-SXM2-32GB-LS,llm-full-mp-gpus,000000032,1,1,4,nan,nan%,nan%,2889,nan,1.00
Tesla-V100-SXM2-32GB-LS,llm-full-mp-gpus,000000004,1,1,4,nan,nan%,nan%,2895,nan,1.00
Tesla-V100-SXM2-32GB-LS,llm-full-mp-gpus,000000008,1,1,4,nan,nan%,nan%,2917,nan,1.00
Tesla-V100-SXM2-32GB-LS,llm-lora-ddp-gpus,000000016,0,1,4,nan,nan%,nan%,31809,nan,1.00
Tesla-V100-SXM2-32GB-LS,llm-lora-ddp-gpus,000000002,0,1,4,nan,nan%,nan%,17375,nan,1.00
Tesla-V100-SXM2-32GB-LS,llm-lora-ddp-gpus,000000002,0,1,4,nan,nan%,nan%,17375,nan,1.00
Tesla-V100-SXM2-32GB-LS,llm-lora-ddp-gpus,000000032,1,1,4,nan,nan%,nan%,30365,nan,1.00
Tesla-V100-SXM2-32GB-LS,llm-lora-ddp-gpus,000000004,0,1,4,nan,nan%,nan%,24641,nan,1.00
Tesla-V100-SXM2-32GB-LS,llm-lora-ddp-gpus,000000064,1,1,4,nan,nan%,nan%,22495,nan,1.00
Tesla-V100-SXM2-32GB-LS,llm-lora-ddp-gpus,000000008,0,1,4,nan,nan%,nan%,32393,nan,1.00
Tesla-V100-SXM2-32GB-LS,llm-lora-single,000000016,1,1,1,nan,nan%,nan%,32197,nan,1.00
Tesla-V100-SXM2-32GB-LS,llm-lora-single,000000032,1,1,1,nan,nan%,nan%,23421,nan,1.00
Tesla-V100-SXM2-32GB-LS,llm-lora-single,000000004,0,1,1,nan,nan%,nan%,31067,nan,1.00
Tesla-V100-SXM2-32GB-LS,llm-lora-single,000000004,0,1,1,nan,nan%,nan%,31067,nan,1.00
Tesla-V100-SXM2-32GB-LS,llm-lora-single,000000008,0,1,1,nan,nan%,nan%,31775,nan,1.00
Tesla-V100-SXM2-32GB-LS,pna,000004992,1,1,1,nan,nan%,nan%,nan,nan,1.00
Tesla-V100-SXM2-32GB-LS,pna,000005120,1,1,1,nan,nan%,nan%,nan,nan,1.00
Tesla-V100-SXM2-32GB-LS,pna,000006144,1,1,1,nan,nan%,nan%,nan,nan,1.00
Tesla-V100-SXM2-32GB-LS,pna,000008192,1,1,1,nan,nan%,nan%,nan,nan,1.00
Tesla-V100-SXM2-32GB-LS,ppo,001048576,1,1,1,nan,nan%,nan%,nan,nan,1.00
Tesla-V100-SXM2-32GB-LS,ppo,000131072,1,1,1,nan,nan%,nan%,nan,nan,1.00
Tesla-V100-SXM2-32GB-LS,ppo,000015872,1,1,1,nan,nan%,nan%,nan,nan,1.00
Tesla-V100-SXM2-32GB-LS,ppo,000016384,1,1,1,nan,nan%,nan%,24961,nan,1.00
Tesla-V100-SXM2-32GB-LS,ppo,002097152,1,1,1,nan,nan%,nan%,nan,nan,1.00
Tesla-V100-SXM2-32GB-LS,ppo,000262144,1,1,1,nan,nan%,nan%,nan,nan,1.00
Tesla-V100-SXM2-32GB-LS,ppo,000032768,1,1,1,nan,nan%,nan%,nan,nan,1.00
Tesla-V100-SXM2-32GB-LS,ppo,004194304,1,1,1,nan,nan%,nan%,nan,nan,1.00
Tesla-V100-SXM2-32GB-LS,ppo,000524288,1,1,1,nan,nan%,nan%,nan,nan,1.00
Tesla-V100-SXM2-32GB-LS,ppo,000065536,1,1,1,nan,nan%,nan%,nan,nan,1.00
Tesla-V100-SXM2-32GB-LS,recursiongfn,000000252,1,1,1,nan,nan%,nan%,11123,nan,1.00
Tesla-V100-SXM2-32GB-LS,recursiongfn,000000294,1,1,1,nan,nan%,nan%,10511,nan,1.00
Tesla-V100-SXM2-32GB-LS,recursiongfn,000000316,1,1,1,nan,nan%,nan%,14437,nan,1.00
Tesla-V100-SXM2-32GB-LS,recursiongfn,000000344,1,1,1,nan,nan%,nan%,12521,nan,1.00
Tesla-V100-SXM2-32GB-LS,recursiongfn,000000352,1,1,1,nan,nan%,nan%,10809,nan,1.00
Tesla-V100-SXM2-32GB-LS,recursiongfn,000000384,1,1,1,nan,nan%,nan%,15525,nan,1.00
Tesla-V100-SXM2-32GB-LS,recursiongfn,000000512,1,1,1,nan,nan%,nan%,9991,nan,1.00
Tesla-V100-SXM2-32GB-LS,reformer,000000128,1,1,1,nan,nan%,nan%,nan,nan,1.00
Tesla-V100-SXM2-32GB-LS,reformer,000000256,1,1,1,nan,nan%,nan%,nan,nan,1.00
Tesla-V100-SXM2-32GB-LS,reformer,000000090,1,1,1,nan,nan%,nan%,nan,nan,1.00
Tesla-V100-SXM2-32GB-LS,reformer,000000092,1,1,1,nan,nan%,nan%,nan,nan,1.00
Tesla-V100-SXM2-32GB-LS,reformer,000000096,1,1,1,nan,nan%,nan%,nan,nan,1.00
Tesla-V100-SXM2-32GB-LS,regnet_y_128gf,000000128,1,1,1,nan,nan%,nan%,nan,nan,2.00
Tesla-V100-SXM2-32GB-LS,regnet_y_128gf,000000256,1,1,1,nan,nan%,nan%,nan,nan,2.00
Tesla-V100-SXM2-32GB-LS,regnet_y_128gf,000000088,1,1,1,nan,nan%,nan%,nan,nan,2.00
Tesla-V100-SXM2-32GB-LS,regnet_y_128gf,000000096,1,1,1,nan,nan%,nan%,nan,nan,2.00
Tesla-V100-SXM2-32GB-LS,resnet50,000001024,1,1,1,nan,nan%,nan%,nan,nan,1.00
Tesla-V100-SXM2-32GB-LS,resnet50,000002048,1,1,1,nan,nan%,nan%,nan,nan,1.00
Tesla-V100-SXM2-32GB-LS,resnet50,000000768,1,1,1,nan,nan%,nan%,32661,nan,1.00
Tesla-V100-SXM2-32GB-LS,rlhf-gpus,000001024,1,1,4,nan,nan%,nan%,19359,nan,1.00
Tesla-V100-SXM2-32GB-LS,rlhf-gpus,000000116,0,1,4,nan,nan%,nan%,32197,nan,1.00
Tesla-V100-SXM2-32GB-LS,rlhf-gpus,000000120,1,1,4,nan,nan%,nan%,23355,nan,1.00
Tesla-V100-SXM2-32GB-LS,rlhf-gpus,000000128,1,1,4,nan,nan%,nan%,32331,nan,1.00
Tesla-V100-SXM2-32GB-LS,rlhf-gpus,000000256,1,1,4,nan,nan%,nan%,8175,nan,1.00
Tesla-V100-SXM2-32GB-LS,rlhf-gpus,000000512,1,1,4,nan,nan%,nan%,11835,nan,1.00
Tesla-V100-SXM2-32GB-LS,rlhf-single,000000128,0,1,1,nan,nan%,nan%,32485,nan,1.00
Tesla-V100-SXM2-32GB-LS,rlhf-single,000000256,1,1,1,nan,nan%,nan%,7849,nan,1.00
Tesla-V100-SXM2-32GB-LS,rlhf-single,000000512,1,1,1,nan,nan%,nan%,8377,nan,1.00
Tesla-V100-SXM2-32GB-LS,rlhf-single,000000066,0,1,1,nan,nan%,nan%,20325,nan,1.00
Tesla-V100-SXM2-32GB-LS,rlhf-single,000000066,0,1,1,nan,nan%,nan%,20325,nan,1.00
Tesla-V100-SXM2-32GB-LS,rlhf-single,000000068,0,1,1,nan,nan%,nan%,21081,nan,1.00
Tesla-V100-SXM2-32GB-LS,rlhf-single,000000072,0,1,1,nan,nan%,nan%,21631,nan,1.00
Tesla-V100-SXM2-32GB-LS,rlhf-single,000000080,0,1,1,nan,nan%,nan%,23455,nan,1.00
Tesla-V100-SXM2-32GB-LS,rlhf-single,000000096,0,1,1,nan,nan%,nan%,26771,nan,1.00
Tesla-V100-SXM2-32GB-LS,t5,000000018,1,1,1,nan,nan%,nan%,699,nan,2.00
Tesla-V100-SXM2-32GB-LS,t5,000000018,1,1,1,nan,nan%,nan%,nan,nan,2.00
Tesla-V100-SXM2-32GB-LS,t5,000000020,1,1,1,nan,nan%,nan%,nan,nan,2.00
Tesla-V100-SXM2-32GB-LS,t5,000000024,1,1,1,nan,nan%,nan%,nan,nan,2.00
Tesla-V100-SXM2-32GB-LS,t5,000000032,1,1,1,nan,nan%,nan%,815,nan,2.00
Tesla-V100-SXM2-32GB-LS,t5,000000064,1,1,1,nan,nan%,nan%,815,nan,2.00
Tesla-V100-SXM2-32GB-LS,torchatari,000001952,1,1,1,nan,nan%,nan%,27631,nan,1.00
Tesla-V100-SXM2-32GB-LS,torchatari,000001984,1,1,1,nan,nan%,nan%,28071,nan,1.00
Tesla-V100-SXM2-32GB-LS,torchatari,000002048,1,1,1,nan,nan%,nan%,28953,nan,1.00
Tesla-V100-SXM2-32GB-LS,vjepa-gpus,000000001,1,1,4,nan,nan%,nan%,5807,nan,1.00
Tesla-V100-SXM2-32GB-LS,vjepa-gpus,000000001,1,1,4,nan,nan%,nan%,5807,nan,1.00
Tesla-V100-SXM2-32GB-LS,vjepa-gpus,000000016,1,1,4,nan,nan%,nan%,5757,nan,1.00
Tesla-V100-SXM2-32GB-LS,vjepa-gpus,000000002,1,1,4,nan,nan%,nan%,5757,nan,1.00
Tesla-V100-SXM2-32GB-LS,vjepa-gpus,000000002,1,1,4,nan,nan%,nan%,2795,nan,1.00
Tesla-V100-SXM2-32GB-LS,vjepa-gpus,000000032,1,1,4,nan,nan%,nan%,5807,nan,1.00
Tesla-V100-SXM2-32GB-LS,vjepa-gpus,000000004,1,1,4,nan,nan%,nan%,2769,nan,1.00
Tesla-V100-SXM2-32GB-LS,vjepa-gpus,000000064,1,1,4,nan,nan%,nan%,5757,nan,1.00
Tesla-V100-SXM2-32GB-LS,vjepa-gpus,000000008,1,1,4,nan,nan%,nan%,13541,nan,1.00
Tesla-V100-SXM2-32GB-LS,vjepa-single,000000001,1,1,1,nan,nan%,nan%,nan,nan,1.00
Tesla-V100-SXM2-32GB-LS,vjepa-single,000000001,1,1,1,nan,nan%,nan%,nan,nan,1.00
Tesla-V100-SXM2-32GB-LS,vjepa-single,000000016,1,1,1,nan,nan%,nan%,nan,nan,1.00
Tesla-V100-SXM2-32GB-LS,vjepa-single,000000002,1,1,1,nan,nan%,nan%,1589,nan,1.00
Tesla-V100-SXM2-32GB-LS,vjepa-single,000000002,1,1,1,nan,nan%,nan%,nan,nan,1.00
Tesla-V100-SXM2-32GB-LS,vjepa-single,000000032,1,1,1,nan,nan%,nan%,nan,nan,1.00
Tesla-V100-SXM2-32GB-LS,vjepa-single,000000004,1,1,1,nan,nan%,nan%,1425,nan,1.00
Tesla-V100-SXM2-32GB-LS,vjepa-single,000000064,1,1,1,nan,nan%,nan%,1117,nan,1.00
Tesla-V100-SXM2-32GB-LS,vjepa-single,000000008,1,1,1,nan,nan%,nan%,691,nan,1.00
Tesla-V100-SXM2-32GB-LS,whisper,000000300,1,1,1,nan,nan%,nan%,nan,nan,1.00
Tesla-V100-SXM2-32GB-LS,whisper,000000304,1,1,1,nan,nan%,nan%,nan,nan,1.00
Tesla-V100-SXM2-32GB-LS,whisper,000000320,1,1,1,nan,nan%,nan%,nan,nan,1.00
Tesla-V100-SXM2-32GB-LS,whisper,000000384,1,1,1,nan,nan%,nan%,nan,nan,1.00
Tesla-V100-SXM2-32GB-LS,whisper,000000512,1,1,1,nan,nan%,nan%,nan,nan,1.00
